<?xml version="1.0" encoding="utf-8"?>
<COLLADA xmlns="http://www.collada.org/2005/11/COLLADASchema" version="1.4.1">
  <asset>
    <contributor>
      <author>Blender User</author>
      <authoring_tool>Blender 2.71.0 commit date:2014-06-12, commit time:18:39, hash:169c95b</authoring_tool>
    </contributor>
    <created>2016-03-14T11:01:43</created>
    <modified>2016-03-14T11:01:43</modified>
    <unit name="meter" meter="1"/>
    <up_axis>Z_UP</up_axis>
  </asset>
  <library_images/>
  <library_effects>
    <effect id="Material-effect">
      <profile_COMMON>
        <technique sid="common">
          <phong>
            <emission>
              <color sid="emission">0 0 0 1</color>
            </emission>
            <ambient>
              <color sid="ambient">0 0 0 1</color>
            </ambient>
            <diffuse>
              <color sid="diffuse">0.003094902 0.6399998 0 1</color>
            </diffuse>
            <specular>
              <color sid="specular">0.5 0.5 0.5 1</color>
            </specular>
            <shininess>
              <float sid="shininess">50</float>
            </shininess>
            <index_of_refraction>
              <float sid="index_of_refraction">1</float>
            </index_of_refraction>
          </phong>
        </technique>
        <extra>
          <technique profile="GOOGLEEARTH">
            <double_sided>1</double_sided>
          </technique>
        </extra>
      </profile_COMMON>
      <extra><technique profile="MAX3D"><double_sided>1</double_sided></technique></extra>
    </effect>
    <effect id="Material_004-effect">
      <profile_COMMON>
        <technique sid="common">
          <phong>
            <emission>
              <color sid="emission">0 0 0 1</color>
            </emission>
            <ambient>
              <color sid="ambient">0 0 0 1</color>
            </ambient>
            <diffuse>
              <color sid="diffuse">0.8 0 0.001969766 1</color>
            </diffuse>
            <specular>
              <color sid="specular">0.5 0.5 0.5 1</color>
            </specular>
            <shininess>
              <float sid="shininess">50</float>
            </shininess>
            <index_of_refraction>
              <float sid="index_of_refraction">1</float>
            </index_of_refraction>
          </phong>
        </technique>
      </profile_COMMON>
    </effect>
    <effect id="Material_001-effect">
      <profile_COMMON>
        <technique sid="common">
          <phong>
            <emission>
              <color sid="emission">0 0 0 1</color>
            </emission>
            <ambient>
              <color sid="ambient">0 0 0 1</color>
            </ambient>
            <diffuse>
              <color sid="diffuse">0.8 0.2924483 0 1</color>
            </diffuse>
            <specular>
              <color sid="specular">0.5 0.5 0.5 1</color>
            </specular>
            <shininess>
              <float sid="shininess">50</float>
            </shininess>
            <index_of_refraction>
              <float sid="index_of_refraction">1</float>
            </index_of_refraction>
          </phong>
        </technique>
      </profile_COMMON>
    </effect>
  </library_effects>
  <library_materials>
    <material id="Material-material" name="Material">
      <instance_effect url="#Material-effect"/>
    </material>
    <material id="Material_004-material" name="Material_004">
      <instance_effect url="#Material_004-effect"/>
    </material>
    <material id="Material_001-material" name="Material_001">
      <instance_effect url="#Material_001-effect"/>
    </material>
  </library_materials>
  <library_geometries>
    <geometry id="Cylinder-mesh" name="Cylinder">
      <mesh>
        <source id="Cylinder-mesh-positions">
          <float_array id="Cylinder-mesh-positions-array" count="2538">0.1950903 0.9807848 -1 0 0.9999998 -1 0 0.9999998 -0.5437932 0.08788323 0.9913436 -0.542062 0.162575 0.9839876 -0.5405907 0.1771991 0.9825467 -0.5397035 0.3826835 0.9238791 -1 0.5555703 0.8314696 -1 0.7071068 0.7071065 -1 0.8314697 0.5555701 -1 0.9238795 0.3826832 -1 0.9807853 0.1950899 -1 1 0 -1 0.9807854 -0.1950899 -1 0.9238796 -0.3826832 -1 0.8314697 -0.5555701 -1 0.7071068 -0.7071065 -1 0.5555702 -0.8314696 -1 0.3826833 -0.9238799 -1 0.1950901 -0.9807856 -1 -3.25841e-7 -0.9999998 -1 -0.1950907 -0.9807848 -1 -0.3826839 -0.9238791 -1 -0.5555707 -0.8314696 -1 -0.7071073 -0.7071065 -1 -0.83147 -0.5555693 -1 -0.9238799 -0.3826825 -1 -0.9807855 -0.1950891 -1 -1 7.94728e-7 -1 -0.9807851 0.1950915 -1 -0.9238792 0.3826848 -1 -0.8314689 0.5555709 -1 -0.7071059 0.7071073 -1 -0.5555691 0.8314704 -1 -0.3826821 0.9238799 -1 -0.1950888 0.9807856 -1 -2.10093e-7 0.9999998 -0.5437932 0.1950903 0.9807848 -0.538618 -0.08788269 0.9913443 -0.5420621 0.3189027 0.9432267 -0.5311064 0.3826835 0.9238791 -0.5242881 0.4575127 0.883882 -0.5162888 0.5555703 0.8314696 -0.5005066 0.5892556 0.803825 -0.4949776 0.6185714 0.7797662 -0.4878333 0.7071068 0.7071065 -0.4644025 0.7559993 0.6475305 -0.4461082 0.8314697 0.5555701 -0.3809109 0.8333333 0.5520836 -0.3771265 0.8314697 0.5555701 -0.3733421 0.8314697 0.5555701 -0.003784298 0.9238795 0.3826832 1 0.9807853 0.1950899 1 1 0 1 0.9807854 -0.1950899 1 0.9238796 -0.3826832 1 0.8314697 -0.5555701 -0.003784358 0.8314697 -0.5555701 -0.3733423 0.8333333 -0.5520836 -0.3771266 0.8314697 -0.5555701 -0.380911 0.7071068 -0.7071065 -0.4644027 0.7559994 -0.6475305 -0.4461084 0.5555702 -0.8314696 -0.5005068 0.6185714 -0.7797662 -0.4878336 0.5892556 -0.803825 -0.4949778 0.3826833 -0.9238799 -0.5242884 0.4575126 -0.8838828 -0.5162889 0.1950901 -0.9807856 -0.5386183 0.2783319 -0.9555347 -0.533568 -2.91255e-7 -0.9999998 -0.5437934 0.08788293 -0.9913443 -0.5420623 -0.08788359 -0.9913436 -0.5420623 -0.1950907 -0.9807848 -0.5386183 -0.2783326 -0.9555339 -0.533568 -0.3826839 -0.9238791 -0.5242883 -0.4575131 -0.883882 -0.5162889 -0.5555707 -0.8314696 -0.5005068 -0.5892561 -0.803825 -0.4949778 -0.6185718 -0.7797662 -0.4878334 -0.7071073 -0.7071065 -0.4644025 -0.7559998 -0.6475305 -0.4461082 -0.83147 -0.5555693 -0.3809102 -0.8333333 -0.5520836 -0.3771265 -0.83147 -0.5555693 -0.3733429 -0.83147 -0.5555693 -0.003783583 -0.9238799 -0.3826825 1 -0.9807855 -0.1950891 1 -1 7.94728e-7 1 -0.9807851 0.1950915 1 -0.9238792 0.3826848 1 -0.8314689 0.5555709 1 -0.8314689 0.5555709 0.7564254 -0.8333333 0.5520828 0.7526395 -0.8314689 0.5555709 0.7488536 -0.8314689 0.5555709 0.3762655 -0.8333333 0.5520828 0.3724796 -0.8314689 0.5555709 0.3686937 -0.8314689 0.5555709 0.003786087 -0.8333333 0.5520828 2.68221e-7 -0.8314689 0.5555709 -0.00378561 -0.8314689 0.5555709 -0.3733406 -0.8333333 0.5520828 -0.3771264 -0.8314689 0.5555709 -0.3809123 -0.7071059 0.7071073 -0.4644029 -0.7559986 0.6475313 -0.4461085 -0.5555691 0.8314704 -0.5005068 -0.6185703 0.779767 -0.4878336 -0.5892561 0.8038242 -0.4949775 -0.3826821 0.9238799 -0.5242883 -0.4575114 0.8838828 -0.5162889 -0.1950888 0.9807856 -0.5386181 -0.2783307 0.9555347 -0.5335679 -0.1771987 0.9825475 -0.5397035 -0.1625756 0.9839876 -0.5405907 0.4629752 0.8809621 -0.5157048 0.5028101 0.8596706 -0.5091664 0.6380495 0.763781 -0.4830865 0.7698996 0.6305932 -0.4409071 0.7936705 0.6016286 -0.4252346 0.698765 0.7139523 -0.4675238 0.8333333 0.5520836 0 0.8226771 0.5662838 -0.3987653 0.8173211 0.5728101 -0.03251492 0.8220249 0.5670785 -0.3541632 0.1950903 0.9807848 1 0 0.9999998 1 -0.1950888 0.9807856 1 -0.3826821 0.9238799 1 -0.5555691 0.8314704 1 -0.7071059 0.7071073 1 -0.83147 -0.5555693 1 -0.7071073 -0.7071065 1 -0.5555707 -0.8314696 1 -0.3826839 -0.9238791 1 -0.1950907 -0.9807848 1 -3.25841e-7 -0.9999998 1 0.1950901 -0.9807856 1 0.3826833 -0.9238799 1 0.5555702 -0.8314696 1 0.7071068 -0.7071065 1 0.8314697 -0.5555701 1 0.8314697 0.5555701 1 0.7071068 0.7071065 1 0.5555703 0.8314696 1 0.3826835 0.9238791 1 0.8333333 -0.5520836 0 0.8173211 -0.5728101 -0.03251498 0.8220249 -0.5670785 -0.3541634 0.8226771 -0.5662838 -0.3987654 0.698765 -0.7139523 -0.4675239 0.7936705 -0.6016286 -0.4252348 0.7698996 -0.6305932 -0.4409072 0.5028101 -0.8596706 -0.5091667 0.6380495 -0.763781 -0.4830867 0.3471066 -0.9346723 -0.5280916 0.4629752 -0.8809629 -0.515705 0.177199 -0.9825475 -0.5397037 0.3189027 -0.9432275 -0.5311067 0.162575 -0.9839876 -0.540591 -0.1625756 -0.9839876 -0.540591 -0.1771996 -0.9825467 -0.5397037 -0.3189032 -0.9432267 -0.5311066 -0.3471071 -0.9346715 -0.5280916 -0.4629756 -0.8809621 -0.5157049 -0.5028105 -0.8596706 -0.5091666 -0.6380499 -0.763781 -0.4830867 -0.7698999 -0.6305932 -0.4409071 -0.7936708 -0.6016278 -0.4252346 -0.6987654 -0.7139523 -0.4675238 -0.8333333 -0.5520836 0 -0.8226774 -0.5662838 -0.398765 -0.8173212 -0.5728101 -0.03251492 -0.8220251 -0.5670785 -0.3541638 -0.8280097 0.5597861 0.7634497 -0.8276839 0.5601827 0.7411676 -0.8226108 0.5663641 0.394253 -0.8219544 0.5671644 0.3493732 -0.8173209 0.5728101 0.03251528 -0.8173212 0.5728101 -0.03251481 -0.8220247 0.5670785 -0.3541629 -0.822677 0.5662838 -0.3987658 -0.6987648 0.7139523 -0.4675239 -0.7936704 0.6016286 -0.4252347 -0.7698999 0.6305925 -0.440907 -0.5028098 0.8596706 -0.5091665 -0.6380494 0.7637802 -0.4830865 -0.3471063 0.9346715 -0.5280914 -0.4629756 0.8809621 -0.5157048 -0.3189032 0.9432267 -0.5311064 0.6928914 0.7187731 -0.4697215 0.8173211 0.5728101 -0.4096416 0.7870561 0.6096879 -0.3246574 0.7698996 0.6305932 -0.06378042 0.817321 0.5728101 -0.3446115 0.8333333 0.5520836 0.3724794 0.1950903 0.9807848 0.9141311 0 0.9999998 0.9193062 -0.1950888 0.9807856 0.9141311 -0.3826821 0.9238799 0.8998013 -0.5892549 0.803825 0.8704906 -0.7071059 0.7071073 0.8399156 -0.83147 -0.5555693 0.7564231 -0.7071073 -0.7071065 0.839915 -0.5892549 -0.8038258 0.8704904 -0.3826839 -0.9238791 0.8998008 -0.1950907 -0.9807848 0.9141308 -3.25841e-7 -0.9999998 0.9193059 0 -0.9999998 0.9193059 0.1950901 -0.9807856 0.9141309 0.3826833 -0.9238799 0.8998008 0.5892556 -0.803825 0.8704904 0.7071068 -0.7071065 0.8399152 0.8314697 -0.5555701 0.7564237 0.8314697 0.5555701 0.7564237 0.7071068 0.7071065 0.8399156 0.5892556 0.803825 0.8704906 0.3826835 0.9238791 0.899801 0.8333333 -0.5520836 0.3724794 0.7698996 -0.6305932 -0.0637806 0.7870561 -0.6096879 -0.3246576 0.817321 -0.5728101 -0.3446116 0.8173211 -0.5728101 -0.4096417 0.6928914 -0.7187731 -0.4697217 -0.6928917 -0.7187731 -0.4697216 -0.8173212 -0.5728101 -0.4096416 -0.7698999 -0.6305932 -0.06378048 -0.8173209 -0.5728101 -0.3446115 -0.7870564 -0.6096879 -0.3246578 -0.8333333 -0.5520836 0.3724796 -0.8173376 0.5727903 0.7851207 -0.8280105 -0.5597845 0.7634481 -0.8173212 0.5728101 0.7201246 -0.7999818 0.593938 0.4164265 -0.8173209 0.5728101 0.4049947 -0.8173212 0.5728093 0.3399646 -0.7698993 0.6305932 0.06378078 -0.8173209 -0.5728101 0.03251522 -0.7698999 0.6305925 -0.06378036 -0.7870561 0.6096879 -0.3246574 -0.8173209 0.5728101 -0.3446113 -0.8173212 0.5728101 -0.4096415 -0.6928917 0.7187724 -0.4697214 0.7361913 0.6716672 -0.3007332 0.7071068 0.7071065 -0.08727586 0.7698996 0.6305932 -0.313346 0.8333333 0.5520836 0.7526394 0.832411 0.5538089 0.3706066 0.3189029 0.9432267 0.9066194 0.1917605 0.981113 0.9143331 0.1625753 0.9839876 0.9161037 -0.162574 0.9839884 0.9161037 -0.3189017 0.9432275 0.9066194 -0.1917591 0.9811138 0.9143331 -0.4629743 0.8809629 0.8912178 -0.3751887 0.9261528 0.9006022 -0.6808592 0.7286477 0.8481668 -0.5555691 0.8314704 0.8760198 -0.7698993 0.6305932 0.8164201 -0.7046127 0.7091538 0.8408487 -0.8333333 -0.5520836 0.7526395 -0.7698993 -0.630594 0.81642 -0.7046138 -0.7091529 0.840848 -0.6808606 -0.7286469 0.8481662 -0.5555707 -0.8314696 0.8760192 -0.4629743 -0.8809629 0.8912176 -0.3751902 -0.926152 0.9006019 -0.3189017 -0.9432275 0.9066194 -0.1917607 -0.981113 0.9143328 -0.162574 -0.9839876 0.9161037 -2.94289e-7 -0.9999998 0.9193059 0.1625753 -0.9839876 0.9161034 0.3189029 -0.9432275 0.9066191 0.1917603 -0.9811138 0.9143328 0.4629752 -0.8809629 0.8912176 0.3751898 -0.9261528 0.9006019 0.6808601 -0.7286469 0.8481664 0.5555702 -0.8314696 0.8760194 0.7698996 -0.6305932 0.81642 0.7046135 -0.7091529 0.8408483 0.8333333 -0.5520836 0.7526394 0.8280103 -0.5597853 0.7634483 0.8280103 0.5597853 0.7634485 0.7698996 0.6305932 0.81642 0.7046135 0.7091529 0.8408483 0.6808601 0.7286469 0.8481665 0.5555703 0.8314696 0.8760195 0.4629752 0.8809621 0.8912176 0.37519 0.926152 0.9006021 0.8323825 -0.5538622 0.3705484 0.8314697 -0.5555701 0.003784239 0.7071068 -0.7071065 -0.08727604 0.7361913 -0.6716672 -0.3007334 0.7698996 -0.6305932 -0.3133461 -0.7361919 -0.6716664 -0.3007335 -0.7071073 -0.7071065 -0.08727586 -0.7698993 -0.630594 -0.313346 -0.83147 -0.5555693 0.003783702 -0.8323826 -0.5538622 0.3705491 -0.8034421 0.5897219 0.7943052 -0.8173209 0.5728101 0.7851547 -0.8173383 -0.5727887 0.7851191 -0.8173212 -0.5728101 0.7201246 -0.7955878 0.599292 0.4193235 -0.7933771 0.6019854 0.420781 -0.8173209 -0.5728101 0.4049947 -0.7698993 -0.630594 0.06378066 -0.7071059 0.7071073 -0.08727627 -0.7361904 0.671668 -0.3007328 -0.7698993 0.6305932 -0.3133458 0.817321 -0.5728101 0.03251498 0.7071068 0.7071065 -0.2898505 0.6928914 0.7187731 -0.09259492 0.8324016 0.5538265 0.3743714 0.8314697 0.5555701 0.748855 0.8314697 0.5555701 0.003784418 0.8314697 0.5555701 0.3686951 0.8219549 0.5671644 0.3493738 0.3607903 0.9305206 0.9021415 0.1752691 0.9827367 0.9153335 -0.1752678 0.9827374 0.9153336 -0.360789 0.9305214 0.9021416 -0.5312452 0.8444714 0.8800121 -0.6928908 0.7187731 0.8452346 -0.6866337 0.7239087 0.8467596 -0.5424734 0.8384704 0.8781691 -0.8034431 -0.5897204 0.7943043 -0.6928908 -0.718774 0.8452345 -0.6866347 -0.7239079 0.8467592 -0.5312467 -0.8444706 0.8800119 -0.5424748 -0.8384696 0.8781688 -0.3607907 -0.9305206 0.9021413 -0.1752695 -0.9827367 0.9153333 0.1752689 -0.9827374 0.9153333 0.3607901 -0.9305214 0.9021413 0.5312463 -0.8444714 0.8800119 0.6866346 -0.7239079 0.8467592 0.5424745 -0.8384696 0.8781688 0.8034427 -0.5897212 0.7943044 0.6928914 -0.7187731 0.8452343 0.817321 -0.5728101 0.7851544 0.8173382 -0.5727894 0.7851196 0.8173382 0.5727894 0.7851196 0.8034427 0.5897212 0.7943046 0.6928914 0.7187731 0.8452345 0.6866346 0.7239079 0.8467592 0.5424745 0.8384696 0.8781691 0.5312464 0.8444706 0.8800119 0.8219549 -0.5671644 0.3493738 0.8314697 -0.5555701 0.368695 0.832392 -0.5538447 0.374391 0.6928914 -0.7187731 -0.09259504 0.7071068 -0.7071065 -0.2898507 -0.7071073 -0.7071065 -0.2898509 -0.6928917 -0.7187731 -0.09259498 -0.6928917 0.7187724 -0.0925948 -0.83147 -0.5555693 0.3686959 -0.8323922 -0.5538439 0.3743906 -0.8173209 -0.5728101 0.7851547 -0.8128709 -0.5782325 0.7171903 -0.8128702 0.5782334 0.7171899 -0.7933775 -0.6019854 0.4207807 -0.7920371 0.6036186 0.3232945 -0.8173212 -0.5728101 0.3399646 -0.6928908 -0.718774 0.0925951 -0.8219549 -0.5671636 0.3493738 -0.7071059 0.7071073 -0.2898502 0.817321 0.5728101 0.0325151 0.6959159 0.7162912 -0.2856632 0.8226112 0.5663641 0.3942523 0.8314697 0.5555701 0.3762638 0.8276845 0.5601827 0.7411687 0.8173211 0.5728101 0.3399644 0.817321 0.5728101 0.7851544 0.8173211 0.5728101 0.7201243 0.8173211 -0.5728101 0.3399644 0.8314697 -0.5555701 0.748855 0.8314697 -0.5555701 0.3762638 0.6959159 -0.7162912 -0.2856634 -0.6959163 -0.7162912 -0.2856636 -0.8226112 -0.5663641 0.394252 -0.83147 -0.5555693 0.3762632 -0.83147 -0.5555693 0.748856 -0.8276848 -0.5601819 0.741169 -0.7955878 -0.599292 0.4193233 -0.7698993 0.6305932 0.4362602 -0.7867361 0.6100773 0.3197994 -0.7884801 0.607953 0.3209493 -0.7884801 -0.607953 0.3209493 -0.6928908 0.7187731 0.09259527 -0.7071073 -0.7071065 0.08727568 -0.695916 0.7162904 -0.2856633 0.7698996 0.6305932 0.06378066 0.7698996 -0.6305932 0.06378048 0.6087852 0.7877977 -0.2640347 0.5892556 0.803825 -0.117851 0.6928914 0.7187731 -0.2845315 0.5892556 -0.803825 -0.1178512 0.817321 0.5728101 0.4049945 0.8173211 -0.5728101 0.7201243 0.8276845 -0.5601827 0.7411686 0.8226112 -0.5663641 0.3942522 0.6087852 -0.7877977 -0.2640349 0.6928914 -0.7187731 -0.2845317 -0.6087856 -0.7877977 -0.2640351 -0.5892561 -0.803825 -0.1178511 -0.6928908 -0.718774 -0.2845315 -0.5892561 0.8038242 -0.1178509 -0.7999821 -0.593938 0.4164262 -0.7698993 -0.630594 0.4362601 -0.7698999 0.6305925 0.6888589 -0.790967 0.6049227 0.7027488 -0.7867364 -0.6100781 0.3197996 -0.7920374 -0.6036186 0.3232946 -0.7071059 0.7071073 0.08727639 -0.5892549 0.803825 0.1178514 -0.5892549 -0.8038258 0.1178512 -0.7071073 -0.7071065 0.2852036 -0.6958424 -0.7163516 0.2809885 -0.6087853 0.7877969 -0.2640348 -0.6928908 0.7187731 -0.2845313 0.6928914 -0.7187731 0.09259498 0.5787641 0.8124351 -0.2575533 0.5555703 0.8314696 -0.12338 0.5892556 0.803825 -0.2592753 0.4629752 0.8809621 -0.1385781 0.7999822 0.593938 0.4164262 0.795588 0.599292 0.4193235 0.7920376 0.6036186 0.3232948 0.8128708 0.5782325 0.7171903 0.7867366 -0.6100773 0.3197997 0.7920376 -0.6036186 0.3232946 0.7999822 -0.593938 0.4164262 0.817321 -0.5728101 0.4049945 0.5555702 -0.8314696 -0.1233802 0.578764 -0.8124351 -0.2575535 0.5892556 -0.803825 -0.2592756 -0.5787646 -0.8124351 -0.2575535 -0.5555707 -0.8314696 -0.1233801 -0.5892549 -0.8038258 -0.2592754 -0.4629756 -0.8809621 -0.1385783 -0.7909683 -0.6049211 0.7027496 -0.7698999 -0.6305932 0.6888589 -0.755396 0.6482656 0.441687 -0.6928908 -0.718774 0.4650745 -0.7698999 0.6305925 0.3086991 -0.7071059 0.7071073 0.2852032 -0.6958421 0.7163508 0.2809886 -0.4629743 -0.8809629 0.1385782 -0.7698999 -0.6305932 0.3086989 -0.7355247 -0.6724794 0.2958366 -0.5555691 0.8314704 -0.1233801 -0.578763 0.8124359 -0.2575531 -0.5892549 0.803825 -0.2592751 0.7071068 -0.7071065 0.08727592 0.6928914 0.7187731 0.0925951 0.5555703 0.8314696 -0.2537464 0.4629752 -0.8809629 -0.1385784 0.7933775 0.6019854 0.4207808 0.7884803 0.607953 0.3209494 0.7867366 0.6100773 0.3197998 0.795588 -0.599292 0.4193233 0.8128708 -0.5782325 0.7171902 0.7698996 -0.6305932 0.3086989 0.7884803 -0.607953 0.3209493 0.5555702 -0.8314696 -0.2537466 -0.5555707 -0.8314696 -0.2537466 -0.4629756 0.8809621 -0.1385781 -0.7553973 -0.6482648 0.4416863 -0.7071059 0.7071073 0.4597558 -0.6928917 0.7187724 0.6600444 -0.6928908 0.7187731 0.4650747 -0.7355232 0.672481 0.2958362 -0.6928917 0.7187724 0.2798846 -0.5555707 -0.8314696 0.12338 -0.4629743 0.8809629 0.1385786 -0.6928917 -0.7187731 0.2798845 -0.5555691 0.8314704 -0.2537462 0.7071068 -0.7071065 0.2852035 0.6958428 -0.7163508 0.2809887 0.7071068 0.7071065 0.0872761 0.5892556 0.803825 0.1178513 0.5892556 -0.803825 0.117851 0.473914 0.8751153 -0.2403437 0.3189027 0.9432267 -0.1539797 0.7933775 -0.6019854 0.4207807 0.7698996 0.6305932 0.4362601 0.7698996 0.6305932 0.6888589 0.473914 -0.8751161 -0.2403439 -0.4739145 -0.8751153 -0.240344 -0.3189032 0.9432267 -0.1539797 -0.7071073 -0.7071065 0.4597551 -0.7071059 0.7071073 0.665363 -0.6928917 -0.7187731 0.6600444 -0.7018327 0.7114346 0.6633899 -0.698692 0.7140119 0.4629042 -0.6624395 0.7437634 0.4724957 -0.6189749 0.779434 0.2618711 -0.6081428 -0.7883246 0.2592311 -0.5555707 -0.8314696 0.2490994 -0.4734048 -0.8753879 0.2356129 -0.5555691 0.8314704 0.1233804 -0.3189017 -0.9432275 0.15398 -0.6189751 -0.7794348 0.2618709 -0.4739143 0.8751153 -0.2403438 0.7355241 -0.6724802 0.2958365 0.7071068 0.7071065 0.2852036 0.6958428 0.7163508 0.2809889 0.4629752 0.8809621 0.1385784 0.3998411 0.9147079 -0.231799 0.3826835 0.9238791 -0.1471615 0.4629752 0.8809621 -0.2385482 0.3189027 -0.9432275 -0.15398 0.7909679 0.6049219 0.7027496 0.7698996 -0.6305932 0.4362599 0.7698996 0.6305932 0.308699 0.7698996 -0.6305932 0.6888588 0.3826833 -0.9238799 -0.1471617 0.399841 -0.9147087 -0.2317993 0.4629752 -0.8809629 -0.2385485 -0.3998416 -0.9147079 -0.2317993 -0.3826839 -0.9238791 -0.1471617 -0.4629743 -0.8809629 -0.2385483 -0.3189032 -0.9432267 -0.15398 -0.3826821 0.9238799 -0.1471617 -0.7071073 -0.7071065 0.6653634 -0.6606402 -0.7452416 0.6521846 -0.6572831 0.7479953 0.4737524 -0.6986926 -0.7140128 0.4629037 -0.6166763 0.7813206 0.2613108 -0.5892561 -0.803825 0.2546284 -0.6166763 -0.7813215 0.2613106 -0.4629756 -0.8809621 0.2339012 -0.5779377 -0.8131138 0.2527706 -0.3826839 -0.9238791 0.1471614 -0.5555691 0.8314704 0.2490993 -0.4734045 0.8753879 0.2356131 -0.6081426 0.7883246 0.2592313 -0.3189017 0.9432275 0.1539802 -0.3998398 0.9147087 -0.2317988 -0.4629743 0.8809629 -0.238548 0.6928914 -0.7187731 0.2798843 0.7355241 0.6724802 0.2958366 0.5555703 0.8314696 0.1233802 0.4629752 -0.8809629 0.1385781 0.6928914 0.7187731 0.2798846 0.3826835 0.9238791 -0.2299649 0.1950903 0.9807848 -0.215635 0.1950903 0.9807848 -0.1614913 0.3189029 0.9432267 -0.2231466 0.162575 -0.9839876 -0.1634643 0.7553969 0.6482648 0.4416866 0.6928914 -0.7187731 0.4650744 0.7909679 -0.6049219 0.7027493 0.6928914 0.7187731 0.6600444 0.7071068 0.7071065 0.4597556 0.3826833 -0.9238799 -0.2299651 -0.3826839 -0.9238791 -0.2299652 -0.1625756 0.9839876 -0.163464 -0.3826821 0.9238799 -0.2299647 -0.3241599 0.9416325 -0.2237086 -0.7018336 -0.7114346 0.6633902 -0.637448 -0.7642745 0.4785859 -0.6572831 -0.7479961 0.4737522 -0.5892561 -0.803825 0.6347882 -0.6606394 0.7452416 0.6521846 -0.6374474 0.7642745 0.4785862 -0.6624401 -0.7437642 0.4724954 -0.5779361 0.8131146 0.2527704 -0.4629756 0.8809621 0.2339013 -0.3826821 0.9238799 0.1471619 -0.5892561 0.8038242 0.2546285 -0.3826839 -0.9238791 0.2253177 -0.3238054 -0.9417398 0.2190235 -0.162574 -0.9839876 0.1634643 0.6189757 -0.779434 0.2618711 0.6081434 0.7883238 0.2592313 0.5555703 0.8314696 0.2490994 0.4734055 0.8753871 0.2356133 0.5555702 -0.8314696 0.12338 0.3189029 -0.9432275 0.1539798 0.6189757 0.779434 0.2618712 0.162575 0.9839876 -0.163464 0.1645308 0.9837952 -0.2137809 0.3241596 -0.9416325 -0.2237088 0.1950901 -0.9807856 -0.1614916 0.6928914 0.7187731 0.4650745 0.7553969 -0.6482648 0.4416865 0.7071068 -0.7071065 0.4597553 0.7071068 0.7071065 0.6653635 0.6928914 -0.7187731 0.6600443 -0.32416 -0.9416317 -0.2237088 -0.1625756 -0.9839876 -0.1634643 -0.1950888 0.9807856 -0.1614915 -0.2073686 0.9770607 -0.2163798 -0.3189017 0.9432275 -0.2231464 -0.6178009 -0.7803988 0.483374 -0.6463816 -0.7569432 0.6487098 -0.5892561 0.8038242 0.6347884 -0.6463801 0.756944 0.6487095 -0.6177995 0.7803996 0.4833745 -0.5892549 -0.8038258 0.4903306 -0.3988786 -0.9152229 0.2270491 -0.3189032 -0.9432267 0.2184994 -0.1950907 -0.9807848 0.1614914 -0.3826821 0.9238799 0.2253178 -0.3238053 0.9417398 0.2190237 -0.162574 0.9839884 0.1634644 0.6166768 -0.7813206 0.2613108 0.5892556 0.803825 0.2546284 0.6166768 0.7813206 0.2613111 0.4629752 0.8809621 0.2339013 0.5779373 0.8131138 0.2527707 0.3826835 0.9238791 0.1471617 0.5555702 -0.8314696 0.2490992 0.4734055 -0.8753879 0.2356131 0.6081434 -0.7883238 0.2592313 0.3826833 -0.9238799 0.1471615 0.3189029 0.9432267 0.15398 0.01029986 0.9989857 -0.2106626 0 0.9999998 -0.1666665 0.1625753 0.9839876 -0.2136623 0.2073699 -0.9770607 -0.2163801 0.3189029 -0.9432275 -0.2231468 -2.71534e-7 0.9999998 -0.1666665 0.1645308 -0.9837952 -0.2137811 0.1950901 -0.9807856 -0.2156352 0.6986926 -0.7140119 0.4629037 0.6374482 -0.7642737 0.4785859 0.7071068 -0.7071065 0.6653632 0.7018334 0.7114346 0.6633903 0.6606402 0.7452408 0.6521847 0.6986926 0.7140119 0.4629039 -0.2073705 -0.9770599 -0.2163802 -0.1950907 -0.9807848 -0.1614916 -0.3189017 -0.9432275 -0.2231467 -2.98688e-7 -0.9999998 -0.1666668 -0.1950888 0.9807856 -0.2156348 -0.1645312 0.9837952 -0.2137809 -0.4629756 -0.8809621 0.6140611 -0.5892549 0.803825 0.4903307 -0.3988769 0.9152237 0.2270491 -0.3189032 0.9432267 0.2184997 -0.1950888 0.9807856 0.1614917 -0.1950907 -0.9807848 0.2109878 -0.1643488 -0.9838127 0.2091228 0 0.9999998 0.1666668 0.5779373 -0.8131138 0.2527704 0.4629752 -0.8809629 0.233901 0.5892556 -0.803825 0.2546282 0.3826833 -0.9238799 0.2253177 0.3238065 -0.9417398 0.2190237 0.1625753 -0.9839876 0.1634641 0 0.9999998 -0.2104597 0.01029956 -0.9989857 -0.210663 0.1625753 -0.9839876 -0.2136625 0.7018334 -0.7114346 0.6633901 0.6624403 -0.7437642 0.4724953 0.6572831 -0.7479961 0.473752 0.6374482 0.7642737 0.4785862 0.6624402 0.7437642 0.4724956 0.6572832 0.7479961 0.4737524 0.6606402 -0.7452408 0.6521846 -0.1950907 -0.9807848 -0.2156352 -0.1645313 -0.9837952 -0.2137811 -0.01030004 0.9989857 -0.2106626 -0.162574 0.9839876 -0.2136622 -0.01030015 -0.9989857 -0.210663 -0.162574 -0.9839876 -0.2136624 -0.515003 -0.853153 0.6226006 -0.4629756 0.8809621 0.6140612 -0.4629743 -0.8809629 0.5110577 -0.2131814 -0.9752972 0.2120854 -0.2063165 -0.9773794 0.2116689 -0.1625756 -0.9839876 0.2090151 -0.1950888 0.9807856 0.2109879 -0.1643487 0.9838135 0.2091229 0 -0.9999998 0.1666665 -0.01669913 0.9983547 0.2061419 0.3988782 0.9152229 0.2270492 0.3826835 0.9238791 0.2253179 0.3238065 0.941739 0.2190239 0.398878 -0.9152237 0.2270489 0.1950901 -0.9807856 0.1614914 0.1625753 0.9839876 0.1634643 -2.57265e-7 0.9999998 -0.2104598 -3.00115e-7 -0.9999998 -0.2104601 0 -0.9999998 -0.2104601 0.5892556 -0.803825 0.4903306 0.5892556 0.803825 0.6347882 0.6178005 0.7803988 0.4833743 0.6463811 0.7569432 0.6487098 -0.5555707 -0.8314696 0.6292592 -0.4778276 -0.8730236 0.6164988 -0.4778259 0.8730244 0.6164987 -0.3189032 0.9432267 0.5986596 -0.5555691 0.8314704 0.6292592 -0.5023189 -0.8599328 0.5045999 -0.4629743 0.8809629 0.5110579 -0.2093539 -0.9764583 0.2118532 -0.2131795 0.975298 0.2120855 -0.01669955 -0.9983547 0.2061417 -0.2063146 0.9773802 0.211669 -0.1625756 0.9839884 0.2090154 -3.25841e-7 -0.9999998 0.1666665 -0.0151779 0.9985049 0.2061119 0.3189027 0.9432267 0.2184997 0.1950903 0.9807848 0.1614916 0.3189027 -0.9432275 0.2184994 0.1950901 -0.9807856 0.2109878 0.1643499 -0.9838127 0.2091228 0.6463811 -0.7569432 0.6487097 0.6178004 -0.7803988 0.4833741 0.5892556 0.803825 0.4903307 0.5892556 -0.803825 0.6347881 -0.5555707 -0.8314696 0.4958593 -0.3826839 -0.9238791 0.519641 -0.5150021 0.8531538 0.6226007 -0.3826821 0.9238799 0.5196415 -0.3189032 -0.9432267 0.5986594 -0.3826821 0.9238799 0.6054777 -0.5555691 0.8314704 0.4958598 -0.5023182 0.8599336 0.5046002 -0.3189017 -0.9432267 0.5264594 -0.2093521 0.9764591 0.2118533 -2.71534e-7 0.9999998 0.2058129 0 -0.9999998 0.2058126 -2.9742e-7 -0.9999998 0.2058126 0.01669925 0.9983547 0.2061419 0.01669925 -0.9983547 0.2061417 -0.009206771 0.9990929 0.2059943 0.2131808 -0.975298 0.2120853 0.162575 -0.9839876 0.2090151 0.2063159 -0.9773802 0.2116688 0.1950903 0.9807848 0.2109881 0.16435 0.9838127 0.2091231 0.5555702 -0.8314696 0.4958595 0.4629752 0.8809621 0.6140611 -0.456591 -0.8843747 0.5117401 -0.3826839 -0.9238791 0.6054777 -0.4565894 0.8843755 0.5117406 -0.3526989 -0.9329748 0.6022722 -0.1625756 0.9839876 0.5891753 -0.3526979 0.9329755 0.6022724 -0.3189017 0.9432275 0.5264596 -0.3467588 -0.9347764 0.5234814 -0.0151782 -0.9985049 0.2061116 0.009206831 -0.9990929 0.205994 -0.009207189 -0.9990929 0.205994 0.01517784 0.9985049 0.2061119 0.162575 0.9839876 0.2090154 0.01517784 -0.9985049 0.2061116 0 0.9999998 0.2058129 0.2131811 0.9752972 0.2120856 0.2093533 -0.9764591 0.211853 0.2063161 0.9773794 0.2116692 0.5555702 -0.8314696 0.6292592 0.5555703 0.8314696 0.4958596 0.5150033 0.853153 0.6226007 0.4629752 -0.8809629 0.6140609 -0.346758 0.9347772 0.5234817 -0.3253445 -0.9412725 0.5257707 -0.1950888 0.9807856 0.591148 -0.1625756 -0.9839876 0.5891751 -0.3253435 0.9412733 0.525771 -0.162574 0.9839876 0.5359439 0.009206831 0.9990929 0.2059943 0.2093535 0.9764583 0.2118533 0.5150032 -0.853153 0.6226006 0.5023192 -0.8599328 0.5045999 0.5555703 0.8314696 0.6292593 0.4778272 0.8730236 0.616499 0.3189027 0.9432267 0.5986596 -0.1791598 0.9823544 0.5901814 -0.2925353 0.9512256 0.5970599 -0.2925371 -0.9512249 0.5970598 -0.09861814 -0.9902866 0.5879151 -0.2988002 0.9493247 0.5276792 -0.162574 -0.9839876 0.5359437 0.4629752 -0.8809629 0.5110576 0.477827 -0.8730244 0.6164987 0.5023193 0.8599328 0.5046001 0.3826835 0.9238791 0.5196411 0.3526992 0.9329748 0.6022724 0.3189027 -0.9432275 0.5986592 -0.2988005 -0.9493247 0.5276789 -0.1950888 0.9807856 0.5339712 -0.1770176 0.9825658 0.5350676 -0.1562682 0.984609 0.5360682 -0.1422469 0.9859895 0.5363442 -0.277305 0.9558454 0.5289833 -0.2773068 -0.9558447 0.5289828 -0.1791608 -0.9823536 0.5901812 -0.08680063 -0.9914509 0.5374362 -0.1422469 -0.9859895 0.5363441 -2.17744e-7 -0.9999998 0.5859725 -0.1562691 -0.9846082 0.5360679 0.4629752 0.8809621 0.5110577 0.4565906 0.8843747 0.5117404 0.3826835 0.9238791 0.6054779 0.3826833 -0.9238799 0.519641 0.3253448 0.9412725 0.5257709 0.3826833 -0.9238799 0.6054775 0.162575 -0.9839876 0.5891749 -0.09861707 0.9902874 0.5879155 -0.08679956 0.9914509 0.5374366 -0.1950907 -0.9807848 0.5339709 -0.1950907 -0.9807848 0.5911478 -3.0172e-7 -0.9999998 0.539146 -2.98688e-7 -0.9999998 0.5859725 -2.71534e-7 0.9999998 0.5859729 -0.1770185 -0.982565 0.5350673 0.4565904 -0.8843755 0.5117403 0.3467593 0.9347764 0.5234816 0.3189029 0.9432267 0.5264596 0.3526991 -0.9329755 0.6022722 0.1950901 -0.9807856 0.5911476 0.162575 0.9839876 0.5891753 0 0.9999998 0.5391463 0 -0.9999998 0.539146 0.3467592 -0.9347772 0.5234814 0.2988001 0.9493247 0.5276792 0.3253446 -0.9412733 0.5257707 0.179161 -0.9823544 0.5901812 0.2925365 -0.9512256 0.5970596 0.2925367 0.9512249 0.5970599 0.09861779 0.9902866 0.5879153 0.08680015 -0.9914509 0.5374362 0.09861767 -0.9902874 0.5879151 0.3189029 -0.9432275 0.5264593 0.2988001 -0.9493255 0.527679 0.2773064 0.9558447 0.5289832 0.1950901 -0.9807856 0.533971 0.1770188 -0.982565 0.5350673 0.1562693 -0.984609 0.5360679 0.1422465 -0.9859895 0.5363441 0.2773062 -0.9558454 0.528983 0.1791612 0.9823536 0.5901814 0.08680027 0.9914509 0.5374364 0.1422464 0.9859895 0.5363442 0 0.9999998 0.5859729 0.1562694 0.9846082 0.536068 0.1625753 -0.9839876 0.5359436 0.1625753 0.9839876 0.5359439 0.1950903 0.9807848 0.5339712 0.1950903 0.9807848 0.591148 0.177019 0.982565 0.5350674</float_array>
          <technique_common>
            <accessor source="#Cylinder-mesh-positions-array" count="846" stride="3">
              <param name="X" type="float"/>
              <param name="Y" type="float"/>
              <param name="Z" type="float"/>
            </accessor>
          </technique_common>
        </source>
        <source id="Cylinder-mesh-normals">
          <float_array id="Cylinder-mesh-normals-array" count="5112">0.09802228 0.9951842 0 -0.09798949 -0.9951869 -0.001064777 -0.09801441 0.995185 0 0 1 0 0.09800505 0.9951859 0 -0.09801501 0.995185 -1.58474e-7 0.471395 0.8819222 4.22698e-7 0.4713972 0.881921 0 0.7730101 0.6343936 3.89182e-7 0.7730119 0.6343915 0 0.8819217 0.471396 0 0.9569404 0.2902844 0 0.9951847 0.09801745 0 0.9951848 -0.09801685 0 0.9569404 -0.2902844 0 0.7730101 -0.6343936 3.05998e-7 0.4713969 -0.8819212 0 0.4713979 -0.8819206 -2.0915e-7 0.2902845 -0.9569404 -4.53172e-7 0.09801423 -0.995185 -1.32085e-7 -0.09802222 -0.9951843 0 -0.2902822 -0.9569411 0 -0.4713972 -0.881921 0 -0.7730121 -0.6343914 0 -0.7730123 -0.6343911 0 -0.9569407 -0.2902836 0 -0.9951848 -0.09801626 0 -0.9951847 0.09801799 0 -0.9569402 0.2902852 0 -0.8819196 0.4713997 0 -0.7730097 0.6343942 3.20925e-7 -0.4713968 0.8819213 0 -0.4713944 0.8819226 4.70599e-7 -0.2902844 0.9569405 -4.4187e-7 0.09802669 -0.9951837 3.8549e-4 -0.4714547 -0.8818901 5.42868e-4 0.6343896 0.7730135 -1.77072e-6 0.4713977 0.8819208 0 -0.773001 -0.6344048 -2.78106e-5 0.6343846 0.7730176 0 0.7730116 0.6343919 0 0.7730094 0.6343947 0 0 0 1 0.7730093 -0.6343947 0 0.7730116 -0.6343919 0 0.6343846 -0.7730176 0 0.7730079 -0.6343965 -4.7345e-7 0.4713982 -0.8819205 0 0.6343896 -0.7730135 -1.77072e-6 0.2902938 -0.9569376 0 0.4713994 -0.8819198 1.70718e-7 0.09800571 -0.9951858 0 0.2902826 -0.956941 -9.18484e-7 0.09801656 -0.9951848 4.26558e-7 0.0979889 0.9951869 -0.001082718 0.2903086 0.956933 3.51554e-4 -0.09800547 -0.9951859 0 0.4714552 0.8818899 5.48927e-4 -0.2902916 -0.9569382 0 -0.6343907 -0.7730126 -1.44871e-6 -0.4713978 -0.8819208 0 0.7730004 0.6344056 -5.86623e-5 -0.6343819 -0.7730199 0 -0.7730299 -0.6343696 0 -0.7730181 -0.634384 0 -0.7730234 0.6343775 0 -0.7729916 0.6344163 3.29442e-7 -0.7730071 0.6343973 0 0.8971167 1.10141e-5 0.4417937 0.8971201 4.30998e-6 0.4417867 -0.7730137 0.6343894 0 -0.7730081 0.6343961 0 -0.6343742 0.7730261 0 -0.7730072 0.6343973 -5.25013e-7 -0.4713931 0.8819232 0 -0.6344109 0.7729961 4.44066e-6 -0.2902801 0.9569418 0 -0.4713919 0.8819238 -1.59215e-7 -0.09801113 0.9951853 0 -0.2902893 0.9569389 7.57659e-7 -0.6343322 -0.7730605 -4.37424e-4 -0.7730145 -0.6343883 1.09505e-5 -0.8971173 0 0.4417924 0.7730096 0.6343943 -1.4763e-7 0.09801846 0.9951846 3.50906e-6 -0.09801274 0.9951852 0 -0.2902836 0.9569407 0 -0.471396 0.8819217 0 -0.4713944 0.8819225 -1.52936e-6 -0.6343936 0.7730101 -1.59465e-6 -0.7730097 0.6343942 -1.04876e-6 -0.8819217 -0.4713959 0 -0.6343935 -0.7730103 1.5158e-6 -0.6343941 -0.7730098 6.64127e-7 -0.2902843 -0.9569404 3.64603e-6 0.2902837 -0.9569406 0 0.6343892 -0.7730138 0 0.6343939 -0.77301 2.04184e-6 0.8819212 -0.4713969 0 0.8819214 -0.4713965 0 0.6343946 0.7730094 9.38516e-7 0.6343941 0.7730098 1.81478e-6 0.7730101 -0.6343938 -2.62631e-7 0.7730096 -0.6343943 -1.4763e-7 0.7730105 -0.6343933 0 0.6343992 -0.7730056 3.83881e-7 0.634349 0.7730467 -3.28159e-4 -0.7730046 -0.6344004 -9.18107e-7 -0.7730137 -0.6343893 -7.38156e-7 -0.7730138 0.6343892 3.45957e-7 0.7730063 -0.6343984 2.20825e-5 0.8971303 5.77793e-5 -0.4417659 -0.7730155 0.6343872 8.49522e-7 -0.7730107 0.634393 -7.38154e-7 0.7730015 -0.6344042 -2.60985e-5 0.6343789 -0.7730222 -9.39615e-5 0.7730134 0.6343896 -1.84622e-7 -0.5504425 0 0.8348731 0.8818954 0.4714451 0 0.09810358 0.9951763 0 -0.09808593 0.995178 0 -0.2902596 0.9569479 0 -0.6344576 0.7729576 0 -0.7729966 -0.6344102 0 -0.6344104 -0.7729965 0 -0.2902511 -0.9569505 0 -0.0980975 -0.9951768 0 0 -1 0 0.09808552 -0.9951779 0 0.2902586 -0.9569483 0 0.6344375 -0.7729741 0 0.7730126 -0.6343907 0 0.7730126 0.6343907 0 0.6344376 0.7729741 0 0.2902586 0.9569483 0 0.8819098 -0.4714183 0 0.7730103 -0.6343935 9.296e-7 -0.773009 -0.634395 1.23488e-7 0.5504426 0 0.834873 -0.8819191 -0.4714007 -3.48738e-7 0.7764886 -0.6299891 -0.01338672 -0.7730236 0.6343773 -2.39082e-6 0.5504392 0 -0.8348752 -0.773011 0.6343926 9.46595e-7 0.7730076 0.6343968 0 -0.3504454 4.00619e-7 0.9365832 0.8819097 0.4714183 0 0.8819238 0.4713921 0 0.09797966 0.9951884 4.86416e-6 -0.01969438 1.51407e-7 -0.9998061 -0.09798067 0.9951884 4.13216e-6 -0.2903199 0.9569296 -4.96034e-6 -0.6343956 0.7730086 6.66519e-7 -0.4714064 0.8819161 0 0.6345308 -0.7728973 -7.15613e-4 -0.77301 -0.6343939 -4.88213e-7 0.6343222 0.7730688 3.48396e-4 -0.6344181 -0.7729901 -5.61207e-6 -0.4713981 -0.8819206 0 0.06056517 3.06287e-5 -0.9981643 -0.2903184 -0.9569301 -5.53464e-6 0.0605579 0 -0.9981647 -0.09798061 -0.9951884 4.58833e-6 0.01969271 1.46085e-7 -0.9998061 -0.0980184 -0.9951846 1.60601e-6 0.09801667 -0.9951848 3.9579e-7 -0.0605579 1.51159e-7 -0.9981647 0.09797966 -0.9951884 4.15291e-6 -0.1063033 1.58499e-5 -0.9943338 -0.1062959 1.57086e-7 -0.9943346 0.2903182 -0.9569302 -4.91187e-6 -0.2367715 0 -0.9715653 0.6343918 -0.7730117 1.51376e-6 -0.1619694 -3.46599e-6 -0.9867958 0.4714047 -0.881917 0 -0.6343717 0.7730282 1.09388e-4 -0.3502158 2.17568e-4 -0.9366691 0.7730122 -0.6343913 0 0.7730122 0.6343913 0 -0.3504437 0 -0.9365838 -0.6343717 -0.7730282 1.09351e-4 0.6343956 0.7730086 6.66517e-7 0.4714047 0.881917 0 0.2903157 0.9569309 -4.70553e-6 -0.897086 1.25529e-4 0.441856 0.8819257 -0.4713884 0 0.8819295 -0.4713813 0 0.7730075 -0.6343969 0 -0.7730143 -0.6343886 0 0.8971152 0 -0.4417968 -0.881888 -0.471459 0 -0.8818681 -0.4714962 0 0.8971079 -2.86928e-5 -0.4418116 -0.7729622 0.6344522 7.23351e-6 -0.7730082 0.634396 0 -0.8971232 2.40899e-5 -0.4417805 0.6344034 0.7730022 0 0.881922 0.4713954 0 0.773008 0.6343963 0 -0.4713606 0.8819406 6.32519e-6 0.2367684 1.64962e-7 -0.9715661 0.3504444 0 -0.9365836 -0.7730164 -0.6343861 -1.5381e-6 -0.4713662 -0.8819376 4.39917e-6 0.4714107 -0.8819138 -8.24709e-7 -0.7746709 0.6323332 -0.006310939 0.7730115 0.634392 1.19779e-7 0.4713625 0.8819396 5.83428e-6 0.7730081 -0.6343963 0 0.8818895 -0.4714561 0 0.6344034 -0.7730022 0 -0.6343986 -0.7730061 0 -0.7730115 -0.634392 0 0.8971553 -1.43541e-4 0.4417153 -0.881904 -0.4714291 -4.01467e-7 0.8970759 -1.68124e-4 0.4418765 0.8971306 -4.81354e-5 0.4417655 -0.7730267 -0.6343736 -2.45912e-6 0.5504437 0 0.8348723 -0.7730101 0.6343938 -1.32313e-6 0.5504718 0 -0.8348538 0.550442 0 0.8348734 -0.773026 0.6343744 -4.28802e-6 0.350444 0 -0.9365836 -0.7730129 -0.6343904 -5.00807e-7 -0.6343848 0.7730174 0 -0.5504417 0 -0.8348736 0.6343954 0.7730088 0 -0.2367715 -1.44086e-7 0.9715654 -0.8970856 -1.24522e-4 -0.4418568 0.7730087 0.6343954 0 -0.8971127 -1.99138e-5 0.4418018 0.7730096 0.6343943 -1.35617e-6 0.1620168 6.40645e-5 -0.986788 -0.5504449 1.54391e-7 -0.8348715 0.7730152 -0.6343874 -1.49863e-7 0.7730357 -0.6343625 -1.67147e-6 0.6343954 -0.7730087 0 -0.6343954 -0.7730087 4.05629e-7 0.2367714 0 0.9715654 -0.7730185 -0.6343834 0 -0.7729833 -0.6344264 4.24219e-6 -0.7730141 -0.6343888 0 0.7730275 0.6343725 -3.4003e-5 -0.7728879 0.6345426 2.04934e-5 0.2367712 1.44086e-7 -0.9715654 -0.7730116 -0.634392 9.24142e-7 -0.6344019 -0.7730034 0 -0.6343947 0.7730093 1.65582e-7 -0.3504453 0 -0.9365832 0.6343905 0.7730128 0 -0.1619687 -1.46344e-7 0.9867959 -0.7730226 -0.6343784 -1.93647e-5 0.7729915 0.6344164 3.52695e-6 -0.5504413 -1.29089e-7 0.8348739 -0.5504412 0 0.834874 -0.7730227 0.6343785 -1.93643e-5 0.6343892 -0.7730138 0 -0.6343989 -0.7730059 -7.864e-7 0.1619683 5.47249e-7 0.9867959 -0.7730136 0.6343894 1.25802e-7 -0.7729981 -0.6344084 2.63232e-6 -0.7730736 -0.6343165 -1.09142e-5 -0.6343861 0.7730163 0 0.1619679 1.46344e-7 -0.986796 0.7729956 0.6344114 2.7969e-6 -0.6343937 -0.7730101 1.36143e-6 -0.7730143 -0.6343886 0 -0.6343944 0.7730095 1.04627e-6 0.6343896 0.7730135 0 0.7730026 0.6344028 1.78056e-6 0.7729985 0.6344078 1.00145e-6 0.7729981 -0.6344084 2.59924e-6 0.7729985 -0.6344078 1.00145e-6 -0.5504542 0 -0.8348653 0.6343896 -0.7730135 0 -0.6343896 -0.7730135 0 0.3504455 0 0.9365832 0.3503798 -6.28157e-5 0.9366077 0.3504439 0 -0.9365838 -0.7730081 0.6343961 0 -0.6343908 0.7730125 0 0.6344034 -0.7730022 0 0.7730124 -0.634391 -1.88124e-7 -0.236771 0 -0.9715655 0.4713932 0.8819232 0 -0.1062967 -2.79066e-7 0.9943345 0.7729956 -0.6344114 2.7969e-6 0.7729437 0.6344746 1.08468e-5 0.7730027 -0.6344028 1.78057e-6 0.7729436 -0.6344746 1.08468e-5 0.4714 -0.8819195 0 -0.4713931 -0.8819232 0 0.1062936 7.12775e-6 0.9943348 -0.7730113 -0.6343923 0 0.2367706 0 -0.9715656 0.3504458 0 0.936583 -0.6343924 -0.7730112 -1.39472e-6 -0.4713926 -0.8819235 -1.47479e-6 -0.4713925 0.8819236 0 -0.4713926 0.8819235 0 -0.3504592 1.36793e-5 0.936578 0.7730081 -0.6343961 0 -0.3504453 -1.2452e-7 0.9365832 0.7730107 0.6343931 -8.48804e-7 0.6344034 0.7730022 0 -0.1619711 -5.0357e-6 -0.9867955 0.6343944 0.7730095 1.5917e-6 0.4713957 0.8819218 2.81058e-7 0.7730087 -0.6343955 -9.18288e-7 0.4713975 -0.8819208 -2.08764e-6 -0.4713956 -0.8819219 5.11909e-7 -0.6343649 0.7730338 0 -0.6344088 0.7729977 -5.81622e-6 -0.6343972 0.7730073 -2.64361e-6 -0.6343916 0.7730119 -6.91302e-7 0.2367573 -1.48236e-7 0.9715688 -0.6344374 0.7729743 -1.32724e-5 -0.6343866 -0.773016 2.98343e-6 0.161949 3.27994e-5 0.9867991 -0.6343876 -0.7730152 0 -0.4713975 -0.8819209 -1.02859e-6 -0.4713935 0.881923 0 -0.6344084 0.7729981 -1.15011e-6 -0.634419 -0.7729893 -7.39679e-6 -0.4713967 0.8819213 -2.47083e-6 0.7730081 0.6343961 0 0.4714055 0.8819166 0 0.2902839 0.9569405 5.00305e-7 -0.3504464 0 -0.9365828 -0.3504447 0 -0.9365834 0.06055796 -1.26153e-7 0.9981647 0.7730109 0.6343927 0 0.4714055 -0.8819166 0 -0.4714049 -0.8819169 0 0.06055581 8.25502e-6 0.9981648 -0.2902802 0.9569417 5.15623e-6 -0.6344184 -0.7729899 0 -0.6343987 -0.773006 -2.56461e-6 -0.6344039 0.7730018 -3.11685e-6 0.6344221 0.7729868 -1.97675e-4 -0.6344228 0.7729862 -8.61718e-6 -0.6343876 0.7730152 0 -0.471397 0.8819211 5.3684e-7 -0.2902895 -0.9569389 2.69096e-6 0.06056153 1.3824e-5 -0.9981645 -0.4714062 0.8819162 0 0.6343898 0.7730133 -9.35284e-7 0.4713926 0.8819234 -7.53136e-7 -0.1062967 0 -0.9943344 0.09803658 0.9951828 0 0.2902859 -0.95694 -5.21042e-6 0.7730105 -0.6343933 -2.17389e-7 -0.2902782 -0.9569423 0 -0.2902862 0.9569399 1.98949e-6 -0.634367 -0.7730321 7.57594e-6 -0.6343896 -0.7730135 -1.02898e-6 -0.6344015 0.7730037 -1.8166e-6 -0.4713935 -0.881923 0 -0.2902817 -0.9569413 -2.26387e-6 -0.2902823 0.956941 0 -0.2367669 0 0.9715664 0.6343857 -0.7730167 4.59882e-6 0.6343953 0.7730088 1.5065e-6 -0.1619673 -2.02985e-6 0.9867961 0.6343866 0.773016 0 0.4713976 0.8819208 -9.13491e-7 0.4714002 -0.8819195 0 0.09801661 0.9951848 7.49433e-6 0.6343857 0.7730167 4.59876e-6 0.09801882 0.9951846 3.78255e-7 0.290284 -0.9569406 1.60822e-6 0.09801042 -0.9951854 0 0.09800201 -0.9951862 4.94804e-6 -0.2367739 1.85164e-7 -0.9715648 -0.2367681 0 0.9715662 0.6343967 0.7730076 0 -0.2902831 -0.9569408 5.29124e-6 0.01969486 -1.21126e-7 0.999806 -0.09800738 0.9951857 4.95608e-6 -0.290278 0.9569423 0 0.1619684 0 0.9867959 0.1619696 0 0.9867957 0.1062968 -1.25669e-7 0.9943344 0.1062967 2.12733e-7 0.9943345 -0.4713942 0.8819226 0 -0.2902874 0.9569395 5.67225e-6 -0.09802263 -0.9951842 1.4986e-6 0.471385 -0.8819275 2.94753e-7 0.6343953 -0.7730088 1.50649e-6 0.6343865 -0.773016 0 0.2902863 -0.9569399 3.47952e-6 0.2902824 -0.9569411 0 -0.06055831 -1.4838e-6 -0.9981647 0.09798496 0.9951879 0 0.2902774 -0.9569426 0 0.09801644 -0.9951848 7.43319e-6 0.6344026 -0.7730029 -1.35725e-6 0.6344246 -0.7729848 -1.93388e-6 0.634363 0.7730354 1.00787e-5 0.6343897 0.7730134 1.54725e-6 -0.6343759 -0.7730247 1.657e-4 -0.2902725 -0.956944 0 -0.098037 -0.9951828 0 -0.09801965 0.9951845 -3.11336e-6 -0.09801971 -0.9951844 -3.11336e-6 0.1619586 -1.63907e-5 -0.9867975 -0.2902899 -0.9569388 0 -0.09801429 -0.995185 -3.43081e-6 -0.09802603 0.9951839 0 -0.09800875 0.9951856 -3.43061e-6 0.2902849 0.9569403 3.59712e-6 0.4713942 -0.8819226 0 0.2902851 -0.9569402 6.7043e-7 0 1 0 0 0.1961826 0.9805674 0.6343905 -0.7730128 2.79889e-6 0.6343819 -0.7730198 1.58038e-6 0.6344044 0.7730014 -3.44579e-6 -0.09798568 0.9951879 0 -0.09798496 -0.9951879 0 0.1062948 -4.16853e-6 0.9943346 0.0605517 -2.98243e-5 0.9981651 -0.2902973 -0.9569365 -8.40137e-6 -0.2901958 -0.9569673 2.30021e-5 -0.290296 0.9569368 0 -0.01969432 1.21126e-7 -0.9998061 -0.09826242 0.9951605 -9.55824e-5 0.4713942 0.8819226 0 -0.1062893 1.6014e-5 0.9943352 0.2902841 0.9569405 -3.72709e-6 0.09799921 -0.9951865 0 0.6344062 -0.7729999 -3.6022e-6 -0.4713957 -0.8819218 5.00226e-7 -0.4713959 -0.8819218 -5.24893e-7 -0.4713981 -0.8819205 -7.04965e-7 -0.4713908 -0.8819245 9.772e-7 -0.4713966 0.8819214 -1.21813e-6 0.1063126 3.78335e-5 -0.9943327 -0.2903058 0.9569339 -1.0816e-5 -0.2901759 0.9569734 2.93474e-5 0 -1 0 0.09801685 -0.9951847 8.9825e-6 0.09801435 -0.995185 4.16827e-7 -0.0980097 0.9951854 2.59659e-6 0.2902954 -0.9569371 0 0.09802532 0.995184 0 0.09802752 0.9951837 1.43464e-6 -0.1619673 0 -0.9867961 -0.1619527 -2.44851e-5 -0.9867985 -0.4713875 0.8819262 2.38171e-6 -0.4713886 0.8819256 2.67147e-6 -0.4713966 0.8819213 1.12567e-6 -0.4713939 0.8819227 0 -0.09825628 -0.9951612 -9.31708e-5 0.09801977 -0.9951845 0 -0.01969379 -1.56785e-7 0.9998061 -0.09801948 -0.9951845 0 0.09825062 0.9951617 -9.08762e-5 0.09825176 -0.9951616 -9.13513e-5 0 -0.196113 -0.9805812 0.290291 -0.9569384 -5.20759e-6 0.2901944 -0.9569677 2.4652e-5 0.2902907 0.9569386 0 -0.2902725 -0.956944 -2.67417e-6 -0.2902864 0.9569399 0 -0.2902557 -0.9569491 -5.99051e-6 -0.2903079 0.9569333 5.06835e-6 0.01969546 -1.60659e-7 0.9998061 -0.09801137 -0.9951853 1.98288e-6 0.4713965 -0.8819214 6.64902e-7 0.09801143 -0.9951853 2.0239e-6 0.09801173 0.9951853 1.91788e-6 0.09801989 0.9951844 0 0.29029 0.9569387 -6.03428e-6 0.2901945 0.9569677 2.34996e-5 0.4713949 -0.8819223 0 0.01969647 0 0.9998061 -0.290292 -0.9569382 -4.27869e-6 -0.2902868 0.9569397 -2.46613e-6 0.471403 -0.8819178 -2.38493e-7 0.4714017 -0.8819186 -6.31334e-7 0.4713969 0.8819212 8.43153e-7 -0.09803366 0.9951831 6.06983e-6 0.4713988 0.8819202 0 -0.09801244 0.9951852 0 -0.09800279 0.9951862 5.75839e-6 -0.2902867 0.9569398 0 -0.2902942 0.9569374 -6.32043e-6 -0.2902883 -0.9569393 -2.70549e-6 -0.09801357 -0.9951851 -4.54643e-6 0.4713974 -0.8819209 -8.23934e-7 -0.06055754 -1.8139e-7 0.9981647 -0.06055736 -1.89229e-7 0.9981647 -0.09799885 0.9951866 7.43715e-6 -0.0980224 0.9951843 -9.84288e-6 -0.2902837 -0.9569406 -3.87259e-6 -0.09804779 -0.9951817 -1.25653e-5 -0.09801858 -0.9951846 6.19303e-6 0.09794598 0.9951912 0.00110054 -0.1062558 -9.47083e-5 -0.9943388 0.2902796 0.9569419 -2.48803e-6 0.2902884 0.9569392 -3.2141e-6 -0.09801596 0.9951848 -5.68368e-7 0.01969224 0 -0.9998061 -0.09803122 -0.9951834 7.00397e-6 0 -1 0 0 0.1960988 0.9805842 0.2902864 -0.9569398 0 0.29031 -0.9569327 5.99163e-7 0.09801524 -0.9951849 2.53335e-7 0.2902861 -0.9569399 -2.4057e-6 0.2902886 0.9569392 -2.80005e-6 0.09801238 -0.9951852 0 0.09799206 -0.9951872 9.95804e-6 0.2902868 -0.9569396 0 0.2902802 -0.9569417 -2.75614e-6 0.09801381 0.995185 -4.59696e-6 0.09802418 -0.995184 -1.03755e-5 0.2902838 0.9569407 -3.76391e-6 -0.0605731 -6.08679e-5 -0.9981638 0.09803402 -0.9951831 -7.96097e-6 -0.01970368 0 -0.9998059 0.09804201 0.9951823 -1.0301e-5 0.09801864 0.9951846 6.19379e-6 0.09803628 0.9951828 7.01804e-6 -0.09792232 -0.9951928 0.001572132 -0.0196948 1.5962e-7 -0.9998061 0 -0.1961826 -0.9805674 0.06054192 1.02134e-4 -0.9981657 0.0605573 1.20927e-7 -0.9981647 -0.1062968 1.25668e-7 -0.9943345 0.1062961 1.3455e-7 -0.9943346 -0.1619682 1.34423e-7 -0.986796 0.1619674 0 -0.9867961 -0.2367715 0 -0.9715654 -0.3504059 4.12701e-5 -0.936598 -0.3504454 0 -0.9365832 0.3504432 0 -0.936584 0.5504413 0 -0.8348739 0.5504379 1.51138e-7 -0.8348761 -0.8971216 1.73166e-5 -0.4417837 0.8971238 3.16597e-5 -0.4417793 0.8971169 8.25965e-6 0.4417932 0.8971216 8.45362e-6 0.4417836 -0.550442 -1.24069e-7 0.8348734 -0.3504457 -1.45447e-7 0.9365831 -0.3504447 -1.45447e-7 0.9365834 0.3504454 0 0.9365832 0.2367714 0 0.9715654 0.236772 -1.26075e-7 0.9715653 0.1619756 -1.12782e-5 0.9867948 0.1619678 -1.58245e-6 0.986796 -0.1062965 -1.3455e-7 0.9943345 0.1062991 -6.90249e-6 0.9943342 -0.06055623 6.51965e-6 0.9981648 0.06056255 -1.82903e-5 0.9981644 0.01969403 -1.29034e-7 0.9998061 0.09801846 0.9951847 7.41854e-7 0.09801739 0.9951847 4.83101e-7 0 0 -1 0 0 -1 0 0 -1 0 0 -1 0 0 -1 0 0 -1 0 0 -1 0 0 -1 0 0 -1 0 0 -1 0 0 -1 0 0 -1 0 0 -1 0 0 -1 0 0 -1 0 0 -1 0 0 -1 0 0 -1 0 0 -1 0 0 -1 0 0 -1 0 0 -1 0 0 -1 0 0 -1 0 0 -1 0 0 -1 0 0 -1 0 0 -1 0 0 -1 0 0 -1 0.2902846 0.9569403 0 0.2902838 0.9569406 0 0.2902844 0.9569405 0 0.6343941 0.7730098 -4.65386e-7 0.6343899 0.7730133 0 0.6343939 0.7730099 -5.08257e-7 0.8819097 0.4714183 0 0.8819214 0.4713964 0 0.8819217 0.4713959 0 0.8819214 0.4713964 0 0.8819097 0.4714183 0 0.8819217 0.471396 0 0.8819125 0.4714132 -6.03372e-6 0.8819149 0.4714088 1.12878e-5 0.8819217 0.471396 0 0.9569404 0.2902844 0 0.9951847 0.09801745 0 0.9951848 -0.09801685 0 0.9569404 -0.2902844 0 0.7730115 -0.634392 0 0.6343892 -0.7730138 0 0.6343939 -0.77301 -5.08258e-7 0.6343939 -0.77301 -5.23616e-7 0.2902822 -0.9569411 0 0.09801357 -0.9951851 0 -0.09801846 -0.9951846 7.40989e-7 -0.2902843 -0.9569404 -4.01981e-7 -0.471395 -0.8819222 4.35269e-7 -0.6343941 -0.7730098 -3.90513e-7 -0.6343906 -0.7730126 0 -0.6343932 -0.7730105 -7.22213e-7 -0.9569407 -0.2902836 0 -0.9951848 -0.09801626 0 -0.9951847 0.09801799 0 -0.9569402 0.2902852 0 -0.8819197 0.4713997 0 -0.8819198 0.4713996 0 -0.8819249 0.4713898 0 -0.881925 0.4713898 0 -0.8819249 0.4713898 0 -0.8819198 0.4713996 0 -0.8819227 0.471394 -5.02101e-6 -0.7730112 0.6343924 0 -0.881925 0.4713898 0 -0.881925 0.4713898 0 -0.8819197 0.4713997 0 -0.8819196 0.4713997 0 -0.8819238 0.471392 2.68388e-6 -0.881925 0.4713898 0 -0.6343945 0.7730094 0 -0.6343874 0.7730154 -2.35711e-6 -0.6343936 0.7730102 0 -0.2902821 0.9569411 0 -0.09801656 0.9951848 2.14178e-7 0.4713886 0.8819256 -1.26932e-6 0.7730074 0.634397 -5.51058e-7 0.7730098 0.6343941 0 0 0 1 0 0 1 0 0 1 0 0 1 0 0 1 0 0 1 0 0 1 0 0 1 0 0 1 0 0 1 0 0 1 0 0 1 0 0 1 0 0 1 0 0 1 0 0 1 0 0 1 0 0 1 0 0 1 0 0 1 0 0 1 0.7730098 -0.6343941 0 0 0 1 0 0 1 0 0 1 0 0 1 0 0 1 0 0 1 0 0 1 0 0 1 -0.7730041 0.634401 -1.61859e-5 -0.4714127 0.8819127 1.08236e-4 -0.290306 0.9569339 3.21845e-4 -0.09803074 0.9951833 5.42918e-4 -0.09801727 -0.9951847 4.62807e-7 -0.290283 -0.9569408 -7.05963e-7 -0.4713883 -0.8819258 -1.30211e-6 -0.7730134 -0.6343898 5.09486e-7 -0.7730255 -0.634375 7.64396e-7 -0.7729969 0.6344099 0 -0.7730124 0.6343909 -5.51448e-7 0.897113 1.1169e-5 -0.4418013 0.8971192 1.187e-5 -0.4417886 0.8971158 0 -0.4417955 0.8971163 0 -0.4417946 0.8971195 0 0.441788 -0.7730059 0.6343989 -8.07917e-7 0.8971191 0 0.4417889 0.7730192 -0.6343827 5.43512e-5 0.4713951 -0.8819221 2.55387e-5 0.2903122 -0.9569319 3.14195e-4 0.6343992 0.7730056 3.83881e-7 0.7730105 0.6343932 0 -0.897117 2.77123e-6 0.441793 -0.8971239 2.6084e-5 0.441779 -0.8971178 0 0.4417915 0.7730101 0.6343938 -2.62631e-7 0.7730043 0.6344008 -1.47629e-7 0.2902843 0.9569404 1.27065e-7 0.2902787 0.9569422 4.3298e-6 0.2902843 0.9569405 0 0.09806895 0.9951796 -1.62441e-5 0.09801667 0.9951848 0 -0.0980696 0.9951796 -1.68901e-5 -0.09801501 0.995185 4.46919e-6 -0.2902793 0.9569419 4.93636e-6 -0.2902844 0.9569404 1.18242e-6 -0.4713955 0.8819219 -2.76814e-6 -0.6343973 0.7730072 0 -0.6343914 0.7730121 1.88621e-6 -0.773011 0.6343927 0 -0.7730056 0.6343991 2.32572e-6 -0.8819214 -0.4713966 0 -0.7730121 -0.6343914 5.19627e-7 -0.8819078 -0.4714218 -9.05296e-6 -0.8819038 -0.4714295 0 -0.8819115 -0.4714151 1.69364e-5 -0.8819217 -0.4713959 0 -0.8819038 -0.4714294 0 -0.8819217 -0.4713959 0 -0.8819217 -0.4713959 0 -0.8819213 -0.4713966 0 -0.7730132 -0.6343899 -4.56933e-7 -0.7730114 -0.6343921 0 -0.6343926 -0.773011 0 -0.471395 -0.8819222 -2.41179e-6 -0.4713959 -0.8819218 -3.31766e-6 -0.4713975 -0.8819208 0 -0.290286 -0.9569399 2.38347e-6 -0.2902818 -0.9569413 0 0.2902801 -0.9569417 4.41049e-6 0.2902845 -0.9569404 1.10367e-6 0.6343948 -0.7730092 6.3107e-7 0.7730107 -0.634393 0 0.7730084 -0.6343958 9.41095e-7 0.7730101 -0.6343937 -5.00721e-7 0.8819097 -0.4714183 0 0.8819212 -0.4713969 0 0.8819214 -0.4713965 0 0.8819147 -0.471409 1.1044e-5 0.8819097 -0.4714183 0 0.8819214 -0.4713965 0 0.8819214 -0.4713965 0 0.8819124 -0.4714133 -5.90342e-6 0.7730101 0.6343937 -5.00721e-7 0.773008 0.6343963 1.31836e-6 0.7730107 0.6343929 0 0.6343899 0.7730132 0 0.4713951 0.8819222 -2.56397e-6 0.4713951 0.8819221 -2.67697e-6 0.4713978 0.8819208 0 0.7730043 -0.6344008 -1.47629e-7 -0.7730145 0.6343884 1.09505e-5 -0.6343322 0.7730605 -4.37407e-4 -0.6343992 -0.7730056 4.54611e-7 0.773009 0.6343952 1.26016e-5 -0.7730108 -0.6343929 0 -0.7729841 -0.6344254 -7.38128e-7 -0.7730148 0.634388 -5.12998e-7 0.8971158 0 -0.4417955 0.8971136 -1.18381e-5 -0.4417999 0.8971158 0 -0.4417955 0.8971074 3.40308e-5 -0.4418126 0.8971465 1.19591e-4 -0.4417333 -0.7729738 0.6344379 8.4969e-7 0.8971008 5.93078e-5 -0.441826 -0.7730087 0.6343955 -6.16499e-7 -0.7730078 0.6343966 -7.38151e-7 -0.7730065 0.6343981 3.35356e-7 -0.7730111 0.6343926 0 -0.6343932 0.7730105 4.99467e-7 0.7730103 0.6343935 9.296e-7 0.7730106 0.6343932 -1.84621e-7 -0.5504417 0 0.8348736 0.8818942 -0.4714473 3.5267e-7 -0.7730118 -0.6343917 -8.44217e-7 0.7730134 -0.6343896 -1.84622e-7 0.7730106 -0.6343932 -1.84621e-7 -0.7730114 -0.6343922 1.23473e-7 0.5504434 0 0.8348725 -0.8819038 -0.4714295 0 -0.7730094 0.6343947 1.07989e-6 -0.7730115 0.634392 -6.73666e-7 0.5504401 0 -0.8348746 -0.3504454 -4.00619e-7 0.9365832 -0.7730134 0.6343898 1.23461e-7 -0.7730053 0.6343997 1.23511e-7 -0.3504451 0 0.9365833 0.8818973 0.4714414 -2.75034e-7 -0.3504449 0 0.9365833 0.8819098 0.4714182 1.61098e-7 -0.01969432 1.48983e-7 -0.999806 -0.6343907 0.7730126 1.75451e-6 -0.6343908 -0.7730125 5.1384e-7 0.1062977 0 -0.9943344 0.1062456 9.95514e-5 -0.99434 0.106293 8.15902e-6 -0.9943348 0.1062995 4.30045e-6 -0.9943342 0.1063066 -2.01595e-5 -0.9943335 0.1062964 0 -0.9943345 0.1063079 2.18329e-5 -0.9943333 0.1062939 -5.82371e-6 -0.9943348 0.06054747 -2.9045e-5 -0.9981653 0.0605579 0 -0.9981647 0.06057876 -6.95568e-5 -0.9981634 0.06057828 7.84221e-5 -0.9981635 0.06055361 1.65221e-5 -0.998165 0.06055891 -2.8051e-6 -0.9981646 0 -0.1960986 -0.9805842 0.0196945 0 -0.9998061 0 1.49012e-7 -1 -0.09805691 -0.9951808 -1.34521e-5 -0.09801763 -0.9951847 0 0.09801423 -0.9951851 -4.4296e-6 0 -1 0 -0.06054711 3.74298e-5 -0.9981653 0.09801149 -0.9951853 -3.36402e-6 -0.06057864 -6.87796e-5 -0.9981635 0.4713959 -0.8819217 3.02186e-6 -0.06047213 -2.87991e-4 -0.9981699 -0.06056791 -3.84995e-5 -0.9981641 -0.06055486 -1.18394e-5 -0.9981649 -0.06056362 2.00722e-5 -0.9981643 -0.06055796 1.57691e-7 -0.9981647 0.4713971 -0.8819211 0 0.4713979 -0.8819206 8.19277e-7 -0.2367909 1.20851e-7 -0.9715607 -0.106303 -1.20825e-5 -0.9943338 -0.1063001 -5.41839e-6 -0.9943341 -0.1063065 2.22295e-5 -0.9943335 -0.1062979 0 -0.9943343 -0.1062945 5.59415e-6 -0.9943346 -0.1062955 -7.90341e-7 -0.9943346 -0.2367548 0 -0.9715694 -0.2367712 1.28898e-7 -0.9715655 -0.1619687 0 -0.9867959 -0.2367646 0 -0.9715671 -0.2367854 1.28898e-7 -0.971562 -0.1619929 -3.22669e-5 -0.9867919 -0.1620171 6.95933e-5 -0.9867879 -0.1619683 1.8768e-6 -0.986796 -0.1619216 6.654e-5 -0.9868037 -0.1619672 0 -0.9867962 -0.161962 -1.1134e-5 -0.986797 0.6343934 -0.7730104 1.15739e-6 -0.8971171 0 -0.4417929 -0.8971298 4.92715e-5 -0.4417671 -0.8968709 0 -0.4422925 -0.8669198 0.1017154 -0.4879592 -0.8971307 -4.21359e-5 -0.4417653 -0.8971179 7.12658e-6 -0.4417912 -0.8971027 5.69667e-5 -0.4418221 -0.8971173 0 -0.4417923 -0.3504455 0 -0.9365832 -0.3504058 -3.75432e-5 -0.936598 -0.3504453 2.03787e-7 -0.9365832 0.6343934 0.7730104 1.15739e-6 -0.35071 2.50667e-4 -0.9364841 -0.8971178 0 0.4417915 -0.8971258 -2.71238e-5 0.4417751 -0.8971177 0 0.4417915 -0.8971521 1.43234e-4 0.4417218 -0.897086 -1.25529e-4 0.441856 -0.8971347 -6.24449e-5 0.4417572 -0.8970638 -2.11323e-4 0.441901 0.3504453 0 0.9365832 0.3504385 6.68866e-6 0.9365858 0.3504477 2.3416e-6 0.9365823 0.3504452 0 0.9365833 0.8971055 3.91817e-5 -0.4418164 0.9110644 -0.07089531 -0.4061226 0.8983052 0 -0.4393721 0.8971164 0 -0.4417943 0.8971153 4.36302e-6 -0.4417965 -0.7729892 0.6344193 3.33942e-6 0.8971354 6.87438e-5 -0.4417557 -0.8971232 -2.42132e-5 -0.4417805 0.6344176 0.7729905 1.71778e-6 -0.8971171 0 -0.4417929 -0.897117 0 -0.4417929 0.7730244 0.6343763 -1.71446e-6 0.2367693 0 -0.9715659 0.2367522 1.6498e-7 -0.9715701 0.2367924 1.20851e-7 -0.9715602 0.236776 0 -0.9715643 0.2367801 0 -0.9715632 0.7712409 0.6365092 0.006601274 0.3504574 1.22113e-5 -0.9365787 0.3504441 1.32791e-7 -0.9365836 0.3506103 -1.56365e-4 -0.9365214 0.3504261 1.80907e-5 -0.9365904 0.3504392 -5.01623e-6 -0.9365854 0.7730102 -0.6343936 3.28759e-7 -0.7746729 -0.6323307 -0.006313443 0.7730244 -0.6343763 -1.71446e-6 0.8819096 -0.4714185 2.22857e-7 0.6344177 -0.7729905 1.71778e-6 -0.6344136 -0.7729938 1.80831e-6 -0.7730113 -0.6343923 0 -0.8819402 -0.4713613 0 0.8971108 2.81838e-5 0.4418055 0.897119 0 0.4417889 0.8971305 4.35025e-5 0.4417657 0.8971191 0 0.4417889 0.8970851 -1.34389e-4 0.4418579 0.8971137 -2.38605e-5 0.4417998 0.5504314 0 -0.8348804 0.5504376 2.02175e-7 -0.8348764 0.5504397 0 -0.8348749 0.5504432 2.02167e-7 -0.8348727 0.8971555 1.16341e-4 0.4417148 -0.7729958 -0.6344112 1.99274e-6 0.8971184 0 0.4417902 0.8971184 0 0.4417902 0.8970991 6.40178e-5 0.4418293 0.5504593 0 0.834862 0.5504435 0 0.8348725 0.5504462 0 0.8348706 0.5504637 0 0.8348591 -0.773014 0.634389 -1.24015e-6 0.5504421 0 0.8348734 -0.7730122 0.6343912 -1.72322e-6 0.5504376 0 -0.8348763 0.5504407 0 -0.8348743 0.5504359 1.31167e-7 -0.8348774 0.5504399 0 -0.8348748 0.5504367 1.31167e-7 -0.8348769 0.5504422 0 -0.8348733 0.5504431 0 0.8348727 0.5504241 0 -0.8348852 0.5504415 0 0.8348738 0.5504471 0 0.8348701 0.550441 -1.57827e-7 0.834874 0.5504395 0 0.8348751 0.5504517 0 0.834867 0.5504527 0 0.8348664 0.3504441 0 -0.9365836 0.3504465 2.41226e-6 -0.9365828 0.3504384 5.66351e-6 -0.9365858 -0.6343856 0.7730167 0 -0.7730117 -0.6343917 -7.49312e-7 -0.7730325 -0.6343664 -7.49332e-7 -0.5504415 0 -0.8348737 0.6343939 0.7730098 1.16857e-6 0.6343521 0.7730442 0 -0.236771 0 0.9715655 -0.8971399 -8.36871e-5 -0.4417465 -0.8971171 0 -0.4417929 -0.897147 1.19751e-4 -0.4417321 -0.897117 0 -0.4417929 -0.8971141 1.93883e-5 -0.4417988 0.7730357 0.6343626 -1.67146e-6 -0.8970441 2.8851e-4 -0.4419409 -0.8970957 -8.58429e-5 -0.4418364 -0.8971178 0 0.4417915 -0.8971164 -2.98967e-6 0.4417943 -0.8971177 0 0.4417915 -0.8971281 3.49899e-5 0.4417706 -0.8971381 -8.04431e-5 0.4417503 -0.5504409 0 -0.8348741 0.7730153 0.6343875 -1.49863e-7 0.7729814 0.6344287 -1.49857e-7 0.16198 1.31321e-5 -0.986794 0.1619685 0 -0.986796 0.1619194 6.81343e-5 -0.986804 0.1619371 -5.25926e-5 -0.9868011 0.1619647 6.27723e-6 -0.9867965 0.1619762 -1.05418e-5 -0.9867947 0.1619684 0 -0.986796 0.7730097 -0.6343943 -1.35617e-6 -0.5504367 1.54392e-7 -0.8348769 -0.5504457 0 -0.834871 0.7729814 -0.6344287 -1.49856e-7 0.7730087 -0.6343954 0 0.6343939 -0.7730099 1.16858e-6 0.6343521 -0.7730442 0 -0.6343944 -0.7730095 1.26299e-6 -0.6343601 -0.7730377 4.05919e-7 0.2367718 -1.44086e-7 0.9715653 -0.7730258 -0.6343747 -4.49276e-7 -0.7730157 -0.634387 -3.53108e-7 -0.7730134 -0.6343898 0 -0.773012 -0.6343914 1.77294e-7 -0.7730123 -0.6343911 0 0.2367707 0 -0.9715656 -0.6344043 -0.7730014 -2.9043e-7 -0.7730094 -0.6343946 1.25829e-7 -0.773006 -0.6343987 1.2585e-7 -0.6343883 0.7730146 1.65633e-7 -0.6343945 0.7730094 2.60945e-7 -0.3504451 0 -0.9365833 -0.3504447 4.35603e-7 -0.9365834 -0.3504447 -4.35603e-7 -0.9365834 0.6343899 0.7730132 0 0.6343888 0.7730142 0 -0.1619685 -1.3353e-7 0.9867959 -0.161967 -2.63013e-6 0.9867962 -0.1619662 3.99588e-6 0.9867963 0.7730146 0.6343883 -9.05808e-7 0.7729981 0.6344084 2.59924e-6 -0.5504249 -1.29091e-7 0.8348847 -0.5504471 -2.05655e-7 0.8348701 -0.5504419 0 0.8348735 -0.550441 0 0.8348741 -0.5504482 0 0.8348693 -0.5504385 -2.05657e-7 0.8348758 -0.5504395 -1.2366e-7 0.8348751 -0.5504435 0 0.8348724 -0.5504386 0 0.8348757 -0.5504317 0 0.8348802 0.7730146 -0.6343883 -9.05808e-7 -0.5504387 0 0.8348757 -0.5504465 -1.2366e-7 0.8348705 -0.6343905 -0.7730128 2.67003e-7 0.6343883 -0.7730145 0 0.6343888 -0.7730142 0 -0.6343852 -0.7730171 -7.86219e-7 0.1619724 6.26232e-6 0.9867953 0.1619685 -1.46344e-7 0.986796 -0.7730126 0.6343907 1.25808e-7 0.1619687 -1.3353e-7 0.9867959 -0.7730108 0.6343929 -9.12429e-7 -0.634374 0.7730263 1.50727e-6 -0.634425 0.7729845 1.69443e-7 -0.6343938 0.7730101 1.80677e-6 -0.6343915 0.7730119 1.69717e-7 0.1619668 -1.85597e-6 -0.9867962 0.1619711 -4.51036e-6 -0.9867955 0.1619684 1.75259e-7 -0.986796 -0.6343924 -0.7730112 4.15719e-7 -0.6343773 -0.7730236 4.15846e-7 -0.6344116 0.7729954 -1.11236e-6 -0.6343884 0.7730145 -1.11206e-6 0.7729915 -0.6344164 3.52695e-6 -0.5504402 0 -0.8348746 -0.5504408 1.23996e-7 -0.8348742 -0.5504423 0 -0.8348733 -0.5504346 0 -0.8348783 -0.7730023 0.6344032 1.5889e-6 -0.5504423 0 -0.8348733 -0.5504411 1.23996e-7 -0.834874 -0.5504485 0 -0.8348692 -0.7730105 0.6343933 0 -0.7730111 0.6343926 3.15835e-7 0.3504523 6.78061e-6 0.9365806 0.3504448 6.75035e-7 0.9365833 0.3504691 -2.26583e-5 0.9365743 0.3504447 0 -0.9365835 0.3504455 0 0.9365832 0.3504475 3.5311e-6 -0.9365823 0.6343979 -0.7730067 6.7897e-7 0.3504449 0 -0.9365833 0.3504912 -4.51279e-5 -0.936566 0.350398 4.65377e-5 -0.9366009 0.3504378 -6.09223e-6 -0.936586 0.350444 0 -0.9365836 0.7730112 -0.6343924 -1.88124e-7 0.7730106 -0.6343931 -8.48804e-7 -0.2367715 1.44086e-7 -0.9715654 0.4713923 0.8819236 7.52962e-7 -0.1062926 8.23635e-6 0.9943349 -0.1062962 -1.3455e-7 0.9943345 0.7730087 0.6343955 -9.18288e-7 -0.1062967 -1.72794e-7 0.9943344 0.7730101 0.6343938 -1.20381e-6 0.773018 0.6343842 -7.20325e-7 0.4713982 -0.8819205 1.56456e-6 -0.4713922 -0.8819236 7.36935e-7 0.1062967 -1.34551e-7 0.9943344 0.1062961 -1.40846e-6 0.9943345 0.2367651 0 -0.9715669 0.1062966 -1.25669e-7 0.9943344 -0.7730116 -0.6343919 1.78311e-7 -0.7730123 -0.6343911 0 0.2367644 0 -0.9715671 0.2367677 0 -0.9715663 0.236772 1.19243e-7 -0.9715653 0.2367719 1.20851e-7 -0.9715653 0.2367767 1.19241e-7 -0.9715641 0.350444 -1.77055e-7 0.9365836 0.2367744 0 -0.9715646 0.2367724 0 -0.9715651 0.2367682 0 -0.9715662 0.3504853 3.93169e-5 0.9365683 0.3504441 0 0.9365836 0.3504592 -1.36366e-5 0.936578 -0.4713941 -0.8819227 0 0.3504467 0 0.9365827 0.3504355 1.07156e-5 0.9365869 0.3502792 -1.73155e-4 0.9366453 -0.6343966 -0.7730078 -8.13086e-7 -0.6344035 -0.773002 -8.13183e-7 0.1062966 1.76597e-7 -0.9943345 0.1063004 9.01979e-6 -0.9943341 0.1062992 -7.29182e-6 -0.9943342 0.106296 1.25668e-7 -0.9943345 0.6344238 -0.7729854 0 0.6343944 -0.7730095 1.5917e-6 0.6343922 -0.7730113 0 -0.3504452 0 0.9365833 -0.3504459 -1.22098e-6 0.9365829 0.6343979 0.7730067 6.7897e-7 -0.3504686 2.33524e-5 0.9365745 -0.3504721 -2.82916e-5 0.9365732 -0.3504462 -1.55333e-7 0.9365829 -0.3504433 -1.2452e-7 0.936584 0.7730124 0.6343909 -1.88124e-7 0.7730112 0.6343923 -1.88124e-7 -0.161968 1.46344e-7 -0.986796 -0.1619651 -5.04055e-6 -0.9867965 0.4713982 0.8819205 -1.91405e-6 -0.1619682 1.3353e-7 -0.986796 0.6343922 0.7730114 0 0.6344238 0.7729855 0 0.4713889 0.8819254 2.81054e-7 0.773018 -0.6343842 -7.20325e-7 0.7730101 -0.6343937 -1.20381e-6 -0.4713982 -0.8819205 -1.75158e-6 0.4713948 -0.8819223 2.81057e-7 0.4713889 -0.8819254 2.81054e-7 -0.4713906 -0.8819245 5.11996e-7 -0.634365 0.7730337 0 0.2367745 0 0.9715647 0.2367723 0 0.9715651 0.236764 -1.32555e-7 0.9715672 0.2367689 -1.32558e-7 0.971566 0.2367699 0 0.9715657 0.2367759 0 0.9715644 0.6343306 -0.7730618 3.85532e-4 0.2367702 0 0.9715657 0.2367764 -1.45994e-7 0.9715642 0.2367719 0 0.9715653 0.1619688 -1.5368e-7 0.9867959 0.2367727 -1.75754e-7 0.9715651 0.2367936 -1.75756e-7 0.97156 0.2368113 -1.48234e-7 0.9715557 0.2367577 -1.45992e-7 0.9715687 0.1619676 0 0.9867961 0.1619731 -8.74954e-6 0.9867951 0.1619697 0 0.9867957 0.1619777 1.36887e-5 0.9867944 -0.4713929 0.8819233 -5.0479e-7 0.1619575 -1.53679e-7 0.9867978 0.1619696 -2.659e-7 0.9867958 -0.4713991 -0.88192 5.368e-7 -0.471378 -0.8819313 5.37188e-7 -0.6343895 0.7730137 -1.14985e-6 -0.634397 0.7730074 -2.73784e-6 0.2902846 0.9569404 0 -0.4713932 0.8819231 5.1195e-7 -0.4713966 0.8819213 5.11891e-7 0.2902844 0.9569404 0 -0.0605579 -1.7346e-7 0.9981647 0.2902844 0.9569405 5.00306e-7 -0.06055849 2.27451e-6 0.9981646 -0.06055778 6.33259e-7 0.9981647 -0.06055796 -1.66274e-7 0.9981647 -0.3504638 1.90867e-5 -0.9365763 -0.350445 0 -0.9365833 -0.350404 3.96641e-5 -0.9365986 -0.3504462 0 -0.9365829 -0.3504452 0 0.9365833 -0.3504618 -1.71161e-5 -0.936577 -0.3504618 1.71161e-5 -0.936577 -0.3504493 -4.7392e-6 0.9365817 -0.3504453 0 0.9365832 -0.3504444 -1.9661e-6 0.9365835 -0.3504118 -3.32316e-5 0.9365957 -0.3504698 -2.45029e-5 0.936574 0.7730104 0.6343933 -2.17389e-7 0.7730047 0.6344003 6.29492e-7 0.06055819 8.63874e-7 0.9981647 -0.2902864 0.9569398 0 0.0605579 -1.20927e-7 0.9981647 -0.6343981 -0.7730065 1.41127e-6 -0.6343961 -0.7730081 -2.48448e-6 -0.6344001 0.7730049 -2.99717e-6 -0.6343911 -0.7730122 1.59355e-6 -0.4713854 0.8819274 5.37054e-7 -0.4713959 0.8819217 -4.62166e-7 -0.2902864 -0.9569399 0 0.06055796 1.26152e-7 -0.9981647 0.06055945 -7.63751e-6 -0.9981646 0.4713934 0.881923 0 0.06055742 0 -0.9981647 0.6343965 0.7730079 0 0.6344021 0.7730033 0 -0.1062967 1.3455e-7 -0.9943345 -0.1062976 1.9349e-6 -0.9943343 0.09802651 0.9951838 5.93774e-6 -0.1062968 1.25668e-7 -0.9943345 0.2902796 -0.9569419 0 0.7730109 -0.6343928 0 0.7730047 -0.6344003 6.29491e-7 -0.2902845 -0.9569404 -5.20493e-6 -0.6343989 -0.7730058 -1.11137e-6 -0.2902845 0.9569404 5.29121e-6 -0.2902818 0.9569412 5.29128e-6 -0.6344006 -0.7730045 -1.98728e-6 -0.6343957 0.7730084 -1.30967e-6 -0.2902863 0.9569398 3.61148e-6 -0.2902857 -0.9569401 5.6723e-6 -0.2902532 -0.9569499 5.67317e-6 -0.2367703 0 0.9715657 -0.2367724 -1.61135e-7 0.9715651 -0.2367773 -1.44085e-7 0.9715639 -0.2367687 0 0.971566 -0.2367863 -1.48235e-7 0.9715617 -0.1619685 -1.34381e-7 0.9867959 -0.2367821 -1.48235e-7 0.9715628 -0.2367228 0 0.9715772 -0.1619687 -1.34381e-7 0.9867959 -0.1619676 -1.63964e-6 0.986796 -0.1619687 -1.46344e-7 0.9867959 -0.1619672 2.05018e-6 0.9867962 -0.1619689 -1.3353e-7 0.9867959 0.4713985 -0.8819203 -1.56473e-6 -0.1619648 6.23211e-6 0.9867965 0.471399 0.88192 2.94762e-7 0.471385 0.8819275 2.94753e-7 0.6344021 -0.7730033 0 0.6343892 -0.7730138 -7.46595e-7 0.6343945 -0.7730095 0 0.09788483 0.9951978 3.77738e-7 0 0.1961161 0.9805807 0.2902845 -0.9569404 5.00307e-7 0.2903553 -0.956919 5.00429e-7 -0.01969432 -1.66548e-7 0.999806 -0.01969432 -1.63614e-7 0.9998061 -0.2367727 0 -0.9715651 -0.2367754 1.89427e-7 -0.9715644 -0.2367733 1.89427e-7 -0.9715649 -0.236769 1.85164e-7 -0.971566 -0.2367711 1.2035e-7 -0.9715655 -0.2367637 2.22339e-7 -0.9715672 -0.2367733 0 0.9715649 -0.2367728 0 -0.971565 -0.2367682 1.2035e-7 -0.9715662 -0.2367731 2.22338e-7 -0.971565 -0.2367727 0 0.9715651 -0.2367716 0 0.9715654 -0.2367731 0 0.971565 0.6344245 0.7729848 -1.93387e-6 -0.2367644 0 0.9715672 -0.2902843 -0.9569405 2.88921e-6 -0.2904119 -0.9569017 5.288e-6 0.01969432 -1.64148e-7 0.9998061 -0.09801578 0.9951849 0 -0.6343937 -0.7730101 0 -0.6343925 -0.7730111 0 -0.6343913 -0.7730121 -7.69788e-7 -0.6343907 -0.7730126 -7.6978e-7 0.1619605 -1.28478e-5 0.9867973 0.1619653 0 0.9867964 0.1619649 4.26649e-6 0.9867966 0.1619894 -3.36368e-5 0.9867925 -0.6343913 0.7730121 1.14903e-6 0.1619641 -7.2102e-6 0.9867966 0.1619691 0 0.9867959 -0.6343973 0.7730072 0 -0.6343842 0.773018 -1.08865e-6 -0.6343947 0.7730094 -1.08878e-6 0.1062972 0 0.9943343 0.1062996 -8.20217e-6 0.9943342 -0.2902613 0.9569475 5.67295e-6 0.1062857 -2.70402e-5 0.9943357 0.1062976 -2.02395e-6 0.9943343 0.1062981 1.56726e-6 0.9943343 0.1062917 -1.66143e-5 0.994335 -0.2902835 0.9569407 -2.10363e-6 -0.09802031 -0.9951844 0 0.01969349 1.63881e-7 -0.9998061 0 -0.1961064 -0.9805826 0.0196945 0 -0.9998061 0.471397 -0.8819211 -7.39904e-7 0.4713981 -0.8819205 2.94761e-7 -0.6343781 0.773023 1.56177e-4 -0.06055909 4.39136e-6 -0.9981646 -0.06055796 1.26153e-7 -0.9981647 -0.0605579 1.20927e-7 -0.9981647 0.09801864 -0.9951846 3.78255e-7 0.09788554 -0.9951977 3.77741e-7 0.6343967 -0.7730076 0 0.6343905 0.7730127 2.58424e-6 0.6343808 0.7730208 1.82703e-6 0.6344019 0.7730033 -1.34098e-6 -0.09802693 -0.9951838 5.9262e-6 -0.09780192 0.9952059 -3.10644e-6 -0.0980165 0.9951848 7.24736e-6 -0.0980165 -0.9951848 7.45326e-6 -0.09779679 -0.9952064 -3.10628e-6 -0.09814834 -0.9951718 -3.4355e-6 0.1619656 6.12172e-6 -0.9867964 0.1619686 0 -0.9867959 0.1619548 2.32463e-5 -0.9867982 0.1619685 0 -0.986796 0.1619701 1.83935e-6 -0.9867956 -0.09801781 -0.9951847 8.71161e-6 -0.09802645 0.9951838 2.73683e-7 -0.09801292 0.9951851 1.09861e-5 -0.09812092 0.9951745 -3.43454e-6 0.2902809 0.9569416 0 0.2903205 -0.9569295 6.70512e-7 0.2902836 -0.9569407 -2.33212e-6 0 1 0 0.09798502 -0.9951879 0 0.6343546 -0.7730422 1.25629e-5 0.6343897 -0.7730134 1.33436e-6 0.6344073 0.772999 -3.70198e-6 0.1062965 0 0.9943345 0.1062906 1.10259e-5 0.9943351 0.1062966 0 0.9943344 0.1062975 1.62478e-6 0.9943344 0.1063051 -1.98415e-5 0.9943336 -0.01969486 1.63881e-7 -0.999806 0.06054627 -6.33815e-5 0.9981654 0.06055182 -2.68796e-5 0.9981651 0.06055802 -1.20927e-7 0.9981647 0.06055825 2.28183e-6 0.9981647 0.06055432 2.75421e-5 0.9981649 0.06070417 8.4786e-4 0.9981554 0.06055623 1.57411e-5 0.9981648 0.06049793 3.51724e-4 0.9981682 0.06056147 1.34397e-5 0.9981645 0.0605579 -1.26153e-7 0.9981647 0.06055849 -2.15935e-6 0.9981646 -0.1062886 2.30077e-5 0.9943353 -0.1062966 -1.6494e-7 0.9943344 -0.1062963 1.90303e-6 0.9943345 0.09800302 -0.9951861 2.49117e-6 -0.106298 -4.17516e-6 0.9943343 -0.1062962 -1.3455e-7 0.9943345 -0.1063382 9.72986e-5 0.9943301 -0.106293 -7.47977e-6 0.9943348 0.2902863 0.9569398 6.70432e-7 0.2903205 0.9569295 6.70511e-7 0.6344043 -0.7730014 -3.44578e-6 0.6343938 0.7730101 0 0.6343899 0.7730133 0 0.6343899 0.7730132 0 0.6343941 0.7730098 0 -0.4713833 -0.8819285 2.74649e-6 -0.4713952 -0.8819221 3.67728e-7 -0.4713988 -0.8819202 0 -0.4713884 -0.8819257 0 -0.4713978 0.8819207 0 -0.4714009 0.881919 -1.55983e-6 0.1062964 0 -0.9943345 0.1063048 1.75675e-5 -0.9943336 0.1062937 -6.72517e-6 -0.9943347 0.1062965 0 -0.9943345 0.1062892 1.49911e-5 -0.9943353 0.1062547 -9.92135e-5 -0.994339 0.1062369 1.39398e-4 -0.9943408 0 -1 0 0.1062527 1.02077e-4 -0.9943392 0.1063027 -1.48025e-5 -0.9943338 0.09801435 0.995185 4.16826e-7 0.09805345 0.9951812 4.16992e-7 0.09801685 0.9951847 8.96876e-6 0.09805589 -0.9951809 4.17003e-7 -0.06055337 -2.22765e-5 0.998165 -0.06066983 6.57251e-4 0.9981577 -0.0605579 -1.65575e-7 0.9981647 -0.0605762 -1.17371e-4 0.9981636 -0.06055635 1.24764e-5 0.9981648 -0.06055796 -1.58716e-7 0.9981647 -0.06057822 1.40202e-4 0.9981635 -0.06056839 -6.41968e-5 0.998164 -0.06055074 -2.83569e-5 0.9981651 -0.06055641 5.88593e-6 0.9981648 -0.06055647 -5.58146e-6 0.9981647 -0.06055468 1.45106e-5 0.9981649 0.6343941 -0.7730098 -1.26611e-7 0.6343892 -0.7730138 0 0.6343945 -0.7730094 0 0.6343892 -0.7730138 0 -0.1619746 -9.40038e-6 -0.9867949 -0.1619675 0 -0.9867961 -0.1619731 7.83844e-6 -0.9867951 -0.1619473 3.39589e-5 -0.9867994 -0.1619673 0 0.9867962 -0.1619721 5.53594e-6 0.9867954 -0.1619758 1.13376e-5 0.9867948 -0.1619753 -1.0336e-5 0.9867948 -0.1619669 0 0.9867962 -0.1619687 -1.88294e-7 0.9867959 -0.1619813 -1.88293e-7 0.9867938 -0.161942 4.12111e-5 0.9868003 -0.4713756 0.8819326 5.02325e-6 0.06055784 0 0.9981647 0.0605663 2.77025e-5 0.9981642 0.06055843 -1.21363e-7 0.9981647 0.0605719 -4.82876e-5 0.9981639 0.06055504 1.33319e-5 0.9981649 0.06055796 0 0.9981647 0.06054949 -3.37381e-5 0.9981652 0.06055593 -1.21361e-7 0.9981648 0 -0.196113 0.9805813 -0.01969248 -1.19327e-7 0.9998061 -0.01969438 -1.58977e-7 0.9998061 -0.01969385 -1.56482e-7 0.9998061 0 0.196113 0.9805812 -0.01969403 -1.56177e-7 0.9998061 -0.01974165 -1.56786e-7 0.9998052 -0.01969408 -1.56482e-7 0.9998061 -0.01969385 -1.19327e-7 0.9998061 -0.09802073 0.9951844 0 -0.2902793 -0.956942 0 -0.2902813 0.9569414 -2.01557e-6 -0.2902883 -0.9569392 -2.84123e-6 -0.2902989 -0.9569361 -5.9914e-6 -0.2902755 0.9569431 1.94014e-6 -0.2902592 0.9569481 5.06953e-6 0.06055235 -2.18404e-5 -0.9981651 0.06055408 1.30519e-5 -0.9981649 0.06055915 0 -0.9981647 0.06056356 -2.27021e-5 -0.9981643 0.06055724 1.91387e-7 -0.9981647 0.06056773 3.616e-5 -0.9981641 0.06056016 1.91384e-7 -0.9981645 0.06055623 1.47173e-7 -0.9981648 0.06055426 1.47173e-7 -0.9981648 0.06055891 0 -0.9981647 0.01969456 -1.56687e-7 0.999806 0.01974254 -1.23416e-7 0.9998051 0.01969432 -1.21126e-7 0.9998061 0.0197438 -1.22458e-7 0.9998051 0.01968097 -1.60656e-7 0.9998064 0.01969432 -1.23406e-7 0.999806 0.01969379 -1.22451e-7 0.9998061 -0.1062954 0 0.9943346 -0.1063044 1.74682e-5 0.9943336 -0.1062898 -1.40268e-5 0.9943352 -0.1063064 -2.26303e-5 0.9943334 -0.1062969 -1.88503e-7 0.9943344 -0.1062899 1.27783e-5 0.9943352 0 -0.1961161 0.9805807 0.01969498 -1.91646e-7 0.9998061 0.01969337 -1.91645e-7 0.9998061 0.01969474 -1.7825e-7 0.9998061 0.4713839 -0.8819281 2.57785e-6 0.4713949 0.8819222 0 0.4713874 0.8819263 1.79268e-6 0.471386 0.881927 2.02856e-6 0.4713882 0.8819258 2.04595e-6 0.4713981 0.8819206 -7.04967e-7 0.4713959 0.8819218 -5.24895e-7 -0.0979799 0.9951884 8.5002e-6 -0.2902841 0.9569405 -3.83626e-6 -0.2902956 0.956937 -6.18729e-6 -0.2902816 -0.9569413 -3.36224e-6 -0.09802448 -0.995184 4.79565e-6 0.4713982 -0.8819205 0 0.4713968 -0.8819212 -7.74477e-7 0.2902969 0.9569366 5.99136e-7 0.2902776 0.9569424 5.99096e-7 0.2902823 0.9569411 -8.14764e-7 -0.06055498 -9.80134e-6 0.9981648 0.09812813 -0.9951701 -0.002721786 -0.06056022 -1.49724e-7 0.9981646 -0.06057119 -4.58037e-5 0.9981639 -0.06054407 5.34189e-5 0.9981656 -0.06056219 1.65743e-5 0.9981644 -0.06055796 -1.49724e-7 0.9981647 -0.09802389 0.9951841 -8.58491e-6 -0.2902864 -0.9569398 0 -0.09802812 -0.9951836 -1.02075e-5 -0.09801512 -0.9951849 0 -0.09799903 -0.9951866 8.26791e-6 -0.1063033 -1.58878e-5 -0.9943338 -0.1062978 0 -0.9943343 -0.1063035 1.62694e-5 -0.9943338 -0.1062971 1.57086e-7 -0.9943345 -0.1063018 -1.25297e-5 -0.9943339 0.2902859 0.95694 0 -0.1063017 1.2344e-5 -0.9943339 -0.1061908 -2.48619e-4 -0.9943458 -0.1062235 1.74097e-4 -0.9943423 -0.1063403 -1.02431e-4 -0.9943298 -0.0980122 0.9951852 -7.42449e-6 0 1 0 0.01969391 1.4803e-7 -0.9998061 0 -0.19612 -0.9805799 0.01969844 0 -0.9998059 0.01968818 0 -0.9998062 0.01968681 1.42671e-7 -0.9998062 0.01969444 1.69961e-7 -0.999806 0.01969617 1.6996e-7 -0.999806 -0.09800672 -0.9951857 0 0.01970434 1.42664e-7 -0.9998059 0 -1 0 -0.01969289 -1.79309e-7 0.9998061 -0.01969367 0 0.9998061 -0.01969653 -1.81689e-7 0.999806 0.2902813 -0.9569414 -2.01557e-6 -0.01969474 0 0.9998061 0.2902846 -0.9569404 -1.8453e-6 0.290275 -0.9569433 5.99091e-7 0.09801107 -0.9951853 -7.2801e-6 0.2902824 0.9569411 -3.41455e-6 0.09799051 -0.9951874 -6.25431e-6 0.09796971 -0.9951894 1.26409e-5 0.2902842 -0.9569405 -3.73764e-6 0.2902845 -0.9569404 -2.33243e-6 0.09802478 0.995184 4.74559e-6 0.09802567 -0.9951839 -9.10848e-6 0.2902864 0.9569398 0 -0.06055814 1.51159e-7 -0.9981647 -0.06054759 3.5096e-5 -0.9981653 -0.0605551 1.57691e-7 -0.9981649 -0.06054812 -3.31144e-5 -0.9981653 -0.06055909 0 -0.9981646 -0.06056404 0 -0.9981644 -0.06056106 1.54292e-5 -0.9981645 -0.06055593 0 -0.9981648 -0.09809815 0.9951758 -0.001336514 -0.0605573 0 -0.9981647 -0.0196945 1.49935e-7 -0.9998061 -0.01969224 0 -0.9998061 -0.0196852 1.51407e-7 -0.9998062 -0.01969754 0 -0.9998059 -0.01969581 0 -0.999806 -0.01969301 0 -0.9998061 -0.01969337 0 -0.9998061 0.09802252 0.9951843 -7.96473e-6 0.09801518 0.9951848 0 0.09801173 0.9951853 0 0.0979979 0.9951866 8.52317e-6 -0.01969486 1.56432e-7 -0.999806 -0.01969426 1.21126e-7 -0.9998061 -0.01969546 1.5962e-7 -0.9998061 0.0196945 1.55425e-7 -0.9998061 0.09876054 -0.9348555 -0.3410153 0.0196945 1.55425e-7 -0.9998061 0.01969403 1.21126e-7 -0.9998061 0.01969432 1.56432e-7 -0.999806 -0.06057012 -4.68654e-5 -0.9981639 -0.0605576 8.93167e-7 -0.9981647 -0.06058007 1.43578e-4 -0.9981634 -0.06055921 1.03358e-5 -0.9981647 -0.06055796 1.26153e-7 -0.9981647 -0.0605579 0 -0.9981647 -0.0605579 1.20927e-7 -0.9981647 0.06056106 -2.00849e-5 -0.9981645 0.06055796 1.7346e-7 -0.9981647 0.06055605 -1.95224e-5 -0.9981648 0.06055974 7.04709e-6 -0.9981645 0.06055814 -3.06459e-6 -0.9981647 0.06053137 -1.76959e-4 -0.9981663 -0.1062938 6.77015e-6 -0.9943348 -0.1062967 1.3455e-7 -0.9943345 -0.1063004 1.1595e-5 -0.9943341 -0.1062998 -1.04816e-5 -0.9943342 0.1063488 -1.2214e-4 -0.9943289 -0.1062947 -4.58126e-6 -0.9943346 -0.1062971 9.32512e-7 -0.9943344 0.1062971 -4.98152e-6 -0.9943344 0.1062966 1.72794e-7 -0.9943345 0.1063002 1.1457e-5 -0.9943341 0.1062922 8.94967e-6 -0.9943349 0.1062822 -3.23975e-5 -0.994336 0.1062958 -9.35884e-7 -0.9943345 -0.1619687 1.34422e-7 -0.9867959 -0.1619726 -7.68886e-6 -0.9867952 -0.1619681 1.46344e-7 -0.986796 -0.161963 -8.96657e-6 -0.9867968 0.1619643 5.2184e-6 -0.9867966 -0.1619689 1.3353e-7 -0.9867959 -0.1619701 3.21059e-6 -0.9867957 -0.1619673 1.33157e-6 -0.9867961 0.1619698 -4.1829e-6 -0.9867958 0.1619707 1.3353e-7 -0.9867956 -0.2367717 1.44086e-7 -0.9715654 0.1619581 -1.59251e-5 -0.9867976 0.1619678 1.46344e-7 -0.9867961 0.1619699 4.3359e-6 -0.9867957 0.1619683 0 -0.9867959 -0.2367714 0 -0.9715654 -0.236769 0 -0.971566 0.2367707 1.20851e-7 -0.9715656 0.2367733 1.44085e-7 -0.971565 0.2367708 0 -0.9715655 0.2367708 0 -0.9715656 -0.3504502 -4.27183e-6 -0.9365814 -0.350445 0 -0.9365833 -0.3504448 0 -0.9365834 -0.3505048 6.2301e-5 -0.936561 -0.3504301 -1.45401e-5 -0.936589 -0.3504452 0 -0.9365832 0.3504454 0 -0.9365832 0.3504405 3.00257e-6 -0.936585 0.3504454 0 -0.9365832 0.3504467 3.93009e-6 -0.9365827 -0.5504395 0 -0.8348751 0.3504471 4.34195e-6 -0.9365825 0.350443 0 -0.9365841 0.3504373 6.28372e-6 -0.9365862 -0.5504422 0 -0.8348732 -0.5504407 1.22429e-7 -0.8348743 -0.5504426 1.22429e-7 -0.834873 0.5504405 0 -0.8348744 0.5504401 1.51137e-7 -0.8348746 -0.8971057 4.49866e-5 -0.441816 -0.8971191 -6.48556e-6 -0.4417889 -0.897117 0 -0.4417929 -0.897115 -8.12085e-6 -0.441797 0.8971153 2.45886e-6 -0.4417964 -0.8971171 0 -0.4417929 0.897116 0 -0.4417952 0.8971184 1.09572e-5 -0.4417902 0.8971133 1.01649e-5 -0.4418005 -0.8971177 0 0.4417916 0.8971158 0 -0.4417955 -0.8971272 -3.74037e-5 0.4417724 -0.8971353 6.97741e-5 0.4417557 -0.897122 1.83086e-5 0.441783 -0.8971194 -7.47742e-6 0.4417882 -0.8971177 0 0.4417915 0.8971208 -6.52472e-6 0.4417853 0.8971191 0 0.4417889 0.8971109 -3.29646e-5 0.4418055 -0.5504413 -1.24069e-7 0.8348739 0.8971192 0 0.4417886 -0.5504412 0 0.834874 0.5504435 -1.28833e-7 0.8348725 -0.5504419 0 0.8348735 0.5504433 0 0.8348726 0.5504426 -1.28833e-7 0.834873 0.5504431 0 0.8348727 -0.3504375 7.23073e-6 0.9365862 -0.3504449 -1.35917e-7 0.9365833 -0.3504383 -6.15691e-6 0.9365859 0.3504526 -7.35446e-6 0.9365804 -0.3504485 0 0.936582 -0.350454 9.30823e-6 0.9365799 -0.3504391 5.75253e-6 0.9365856 0.3504469 -1.72578e-6 0.9365826 0.3504462 -1.32791e-7 0.9365829 0.350448 2.22233e-6 0.9365822 -0.2367712 -1.32685e-7 0.9715654 0.3504441 0 0.9365836 0.3504299 -1.55694e-5 0.936589 0.3504452 0 0.9365833 -0.2367717 0 0.9715654 -0.236771 -1.40993e-7 0.9715654 -0.2367707 -1.32685e-7 0.9715656 -0.2367696 -1.48531e-7 0.9715659 -0.2367719 -1.48531e-7 0.9715653 0.236771 0 0.9715655 0.236773 0 0.971565 -0.1619687 -1.3353e-7 0.9867959 0.236772 -1.40013e-7 0.9715653 0.2367711 -1.40013e-7 0.9715654 -0.1619688 -7.13388e-7 0.9867959 -0.1619656 -5.38839e-6 0.9867964 -0.1619678 -1.99088e-6 0.9867961 -0.1619699 -2.46998e-6 0.9867957 -0.1619684 0 0.986796 0.1619722 -5.90191e-6 0.9867953 0.1619689 0 0.9867959 0.161966 -4.42489e-6 0.9867963 0.1062976 -3.25527e-6 0.9943344 0.1619685 -1.28051e-7 0.986796 -0.1062971 -2.38846e-6 0.9943344 -0.1063063 2.27562e-5 0.9943335 -0.1062983 3.16015e-6 0.9943342 -0.1062537 1.00246e-4 0.9943391 -0.1062941 -6.03903e-6 0.9943348 -0.1062966 -1.25668e-7 0.9943345 0.1062932 6.33535e-6 0.9943349 0.1062965 -1.25669e-7 0.9943345 0.1062976 1.63819e-6 0.9943344 0.1062991 5.9715e-6 0.9943342 0.1062938 -6.57275e-6 0.9943348 0.1062962 0 0.9943345 -0.06055891 -3.05918e-6 0.9981647 -0.06055814 -1.20927e-7 0.9981647 -0.06055939 4.30992e-6 0.9981645 -0.06055694 -4.95592e-6 0.9981648 -0.06055724 -1.26153e-7 0.9981647 0.06055915 -1.21761e-7 0.9981646 -0.06055796 0 0.9981647 0.06055986 -8.11528e-6 0.9981645 0.06055891 -1.26153e-7 0.9981646 0.06055921 3.51839e-6 0.9981646 0.06055808 -1.20927e-7 0.9981647 -0.0196942 -1.21126e-7 0.9998061 0.06055659 -6.3159e-6 0.9981648 0.06055808 -1.2176e-7 0.9981647 0 0.196107 0.9805825 -0.01969385 -1.47693e-7 0.9998061 -0.01969486 -1.47693e-7 0.9998061 -0.0196945 0 0.999806 0.01969492 -1.21126e-7 0.999806 0.01969468 -1.29034e-7 0.9998061 0.01969385 -1.19985e-7 0.9998061</float_array>
          <technique_common>
            <accessor source="#Cylinder-mesh-normals-array" count="1704" stride="3">
              <param name="X" type="float"/>
              <param name="Y" type="float"/>
              <param name="Z" type="float"/>
            </accessor>
          </technique_common>
        </source>
        <vertices id="Cylinder-mesh-vertices">
          <input semantic="POSITION" source="#Cylinder-mesh-positions"/>
        </vertices>
        <polylist material="Material-material" count="1704">
          <input semantic="VERTEX" source="#Cylinder-mesh-vertices" offset="0"/>
          <input semantic="NORMAL" source="#Cylinder-mesh-normals" offset="1"/>
          <vcount>3 3 3 3 3 3 3 3 3 3 3 3 3 3 3 3 3 3 3 3 3 3 3 3 3 3 3 3 3 3 3 3 3 3 3 3 3 3 3 3 3 3 3 3 3 3 3 3 3 3 3 3 3 3 3 3 3 3 3 3 3 3 3 3 3 3 3 3 3 3 3 3 3 3 3 3 3 3 3 3 3 3 3 3 3 3 3 3 3 3 3 3 3 3 3 3 3 3 3 3 3 3 3 3 3 3 3 3 3 3 3 3 3 3 3 3 3 3 3 3 3 3 3 3 3 3 3 3 3 3 3 3 3 3 3 3 3 3 3 3 3 3 3 3 3 3 3 3 3 3 3 3 3 3 3 3 3 3 3 3 3 3 3 3 3 3 3 3 3 3 3 3 3 3 3 3 3 3 3 3 3 3 3 3 3 3 3 3 3 3 3 3 3 3 3 3 3 3 3 3 3 3 3 3 3 3 3 3 3 3 3 3 3 3 3 3 3 3 3 3 3 3 3 3 3 3 3 3 3 3 3 3 3 3 3 3 3 3 3 3 3 3 3 3 3 3 3 3 3 3 3 3 3 3 3 3 3 3 3 3 3 3 3 3 3 3 3 3 3 3 3 3 3 3 3 3 3 3 3 3 3 3 3 3 3 3 3 3 3 3 3 3 3 3 3 3 3 3 3 3 3 3 3 3 3 3 3 3 3 3 3 3 3 3 3 3 3 3 3 3 3 3 3 3 3 3 3 3 3 3 3 3 3 3 3 3 3 3 3 3 3 3 3 3 3 3 3 3 3 3 3 3 3 3 3 3 3 3 3 3 3 3 3 3 3 3 3 3 3 3 3 3 3 3 3 3 3 3 3 3 3 3 3 3 3 3 3 3 3 3 3 3 3 3 3 3 3 3 3 3 3 3 3 3 3 3 3 3 3 3 3 3 3 3 3 3 3 3 3 3 3 3 3 3 3 3 3 3 3 3 3 3 3 3 3 3 3 3 3 3 3 3 3 3 3 3 3 3 3 3 3 3 3 3 3 3 3 3 3 3 3 3 3 3 3 3 3 3 3 3 3 3 3 3 3 3 3 3 3 3 3 3 3 3 3 3 3 3 3 3 3 3 3 3 3 3 3 3 3 3 3 3 3 3 3 3 3 3 3 3 3 3 3 3 3 3 3 3 3 3 3 3 3 3 3 3 3 3 3 3 3 3 3 3 3 3 3 3 3 3 3 3 3 3 3 3 3 3 3 3 3 3 3 3 3 3 3 3 3 3 3 3 3 3 3 3 3 3 3 3 3 3 3 3 3 3 3 3 3 3 3 3 3 3 3 3 3 3 3 3 3 3 3 3 3 3 3 3 3 3 3 3 3 3 3 3 3 3 3 3 3 3 3 3 3 3 3 3 3 3 3 3 3 3 3 3 3 3 3 3 3 3 3 3 3 3 3 3 3 3 3 3 3 3 3 3 3 3 3 3 3 3 3 3 3 3 3 3 3 3 3 3 3 3 3 3 3 3 3 3 3 3 3 3 3 3 3 3 3 3 3 3 3 3 3 3 3 3 3 3 3 3 3 3 3 3 3 3 3 3 3 3 3 3 3 3 3 3 3 3 3 3 3 3 3 3 3 3 3 3 3 3 3 3 3 3 3 3 3 3 3 3 3 3 3 3 3 3 3 3 3 3 3 3 3 3 3 3 3 3 3 3 3 3 3 3 3 3 3 3 3 3 3 3 3 3 3 3 3 3 3 3 3 3 3 3 3 3 3 3 3 3 3 3 3 3 3 3 3 3 3 3 3 3 3 3 3 3 3 3 3 3 3 3 3 3 3 3 3 3 3 3 3 3 3 3 3 3 3 3 3 3 3 3 3 3 3 3 3 3 3 3 3 3 3 3 3 3 3 3 3 3 3 3 3 3 3 3 3 3 3 3 3 3 3 3 3 3 3 3 3 3 3 3 3 3 3 3 3 3 3 3 3 3 3 3 3 3 3 3 3 3 3 3 3 3 3 3 3 3 3 3 3 3 3 3 3 3 3 3 3 3 3 3 3 3 3 3 3 3 3 3 3 3 3 3 3 3 3 3 3 3 3 3 3 3 3 3 3 3 3 3 3 3 3 3 3 3 3 3 3 3 3 3 3 3 3 3 3 3 3 3 3 3 3 3 3 3 3 3 3 3 3 3 3 3 3 3 3 3 3 3 3 3 3 3 3 3 3 3 3 3 3 3 3 3 3 3 3 3 3 3 3 3 3 3 3 3 3 3 3 3 3 3 3 3 3 3 3 3 3 3 3 3 3 3 3 3 3 3 3 3 3 3 3 3 3 3 3 3 3 3 3 3 3 3 3 3 3 3 3 3 3 3 3 3 3 3 3 3 3 3 3 3 3 3 3 3 3 3 3 3 3 3 3 3 3 3 3 3 3 3 3 3 3 3 3 3 3 3 3 3 3 3 3 3 3 3 3 3 3 3 3 3 3 3 3 3 3 3 3 3 3 3 3 3 3 3 3 3 3 3 3 3 3 3 3 3 3 3 3 3 3 3 3 3 3 3 3 3 3 3 3 3 3 3 3 3 3 3 3 3 3 3 3 3 3 3 3 3 3 3 3 3 3 3 3 3 3 3 3 3 3 3 3 3 3 3 3 3 3 3 3 3 3 3 3 3 3 3 3 3 3 3 3 3 3 3 3 3 3 3 3 3 3 3 3 3 3 3 3 3 3 3 3 3 3 3 3 3 3 3 3 3 3 3 3 3 3 3 3 3 3 3 3 3 3 3 3 3 3 3 3 3 3 3 3 3 3 3 3 3 3 3 3 3 3 3 3 3 3 3 3 3 3 3 3 3 3 3 3 3 3 3 3 3 3 3 3 3 3 3 3 3 3 3 3 3 3 3 3 3 3 3 3 3 3 3 3 3 3 3 3 3 3 3 3 3 3 3 3 3 3 3 3 3 3 3 3 3 3 3 3 3 3 3 3 3 3 3 3 3 3 3 3 3 3 3 3 3 3 3 3 3 3 3 3 3 3 3 3 3 3 3 3 3 3 3 3 3 3 3 3 3 3 3 3 3 3 3 3 3 3 3 3 3 3 3 3 3 3 3 3 3 3 3 3 3 3 3 3 3 3 3 3 3 3 3 3 3 3 3 3 3 3 3 3 3 3 3 3 3 3 3 3 3 3 3 3 3 3 3 3 3 3 3 3 3 3 3 3 3 3 3 3 3 3 3 3 3 3 3 3 3 3 3 3 3 3 3 3 3 3 3 3 3 3 3 3 3 3 3 3 3 3 3 3 3 3 3 3 3 3 3 3 3 3 3 3 3 3 3 3 3 3 3 3 3 3 3 3 3 3 3 3 3 3 3 3 3 3 3 3 3 3 3 3 3 3 3 3 3 3 3 3 3 3 3 3 3 3 3 3 3 3 3 3 3 3 3 3 3 3 3 3 3 3 3 3 3 3 3 3 3 3 3 3 3 3 3 3 3 3 3 3 3 3 3 3 3 3 3 3 3 3 3 3 3 3 3 3 3 3 3 3 3 3 3 3 3 3 3 3 3 3 3 3 3 3 3 3 3 3 3 3 3 3 3 3 3 3 3 3 3 3 3 3 3 3 3 3 3 3 3 3 3 3 3 3 3 3 3 3 3 3 3 3 3 3 3 3 3 3 3 3 3 3 3 3 3 3 3 3 3 3 3 3 3 3 3 3 3 3 3 3 3 3 3 3 3 3 3 3 3 3 3 3 3 3 3 3 3 3 3 3 3 3 3 3 3 3 3 3 3 3 3 3 3 3 3 3 3 3 3 3 3 3 3 3 3 3 3 3 3 3 3 3 3 3 3 3 3 3 3 </vcount>
          <p>1 0 2 0 3 0 3 1 4 1 5 1 36 2 1 2 38 2 2 3 1 3 36 3 37 4 0 4 5 4 1 5 35 5 38 5 7 6 6 6 41 6 6 7 40 7 41 7 9 8 8 8 46 8 8 9 45 9 46 9 120 10 194 10 51 10 10 11 51 11 52 11 11 12 52 12 53 12 12 13 53 13 54 13 13 14 54 14 55 14 16 15 15 15 61 15 65 16 18 16 66 16 18 17 17 17 66 17 19 18 18 18 68 18 20 19 19 19 70 19 20 20 69 20 71 20 21 21 72 21 73 21 22 22 74 22 75 22 25 23 24 23 80 23 24 24 79 24 80 24 26 25 85 25 86 25 27 26 86 26 87 26 28 27 87 27 88 27 29 28 88 28 89 28 98 29 101 29 30 29 32 30 31 30 104 30 108 31 34 31 109 31 34 32 33 32 109 32 35 33 34 33 111 33 112 34 113 34 38 34 41 35 114 35 115 35 8 36 44 36 116 36 42 37 7 37 115 37 46 38 117 38 118 38 45 39 8 39 119 39 47 40 9 40 121 40 122 41 50 41 49 41 52 42 51 42 142 42 57 43 56 43 146 43 15 44 59 44 148 44 16 45 60 45 149 45 61 46 15 46 150 46 152 47 17 47 62 47 63 48 16 48 153 48 18 49 65 49 154 49 66 50 17 50 152 50 156 51 19 51 67 51 68 52 18 52 154 52 70 53 19 53 156 53 71 54 159 54 160 54 73 55 161 55 162 55 72 56 21 56 160 56 75 57 163 57 164 57 74 58 22 58 162 58 24 59 78 59 165 59 76 60 23 60 164 60 80 61 166 61 167 61 79 62 24 62 168 62 81 63 25 63 170 63 171 64 84 64 83 64 91 65 90 65 173 65 93 66 174 66 175 66 177 67 97 67 96 67 178 68 99 68 98 68 169 69 84 69 171 69 100 70 99 70 178 70 31 71 102 71 180 71 32 72 103 72 181 72 104 73 31 73 182 73 33 74 105 74 184 74 106 75 32 75 185 75 34 76 108 76 186 76 109 77 33 77 184 77 35 78 110 78 112 78 111 79 34 79 186 79 116 80 189 80 119 80 118 81 190 81 121 81 145 82 122 82 146 82 122 83 193 83 191 83 124 84 249 84 125 84 196 85 250 85 125 85 197 86 251 86 126 86 127 87 198 87 253 87 253 88 128 88 127 88 199 89 129 89 128 89 257 90 90 90 129 90 26 91 82 91 169 91 131 92 262 92 203 92 203 93 132 93 131 93 133 94 266 94 134 94 208 95 271 95 136 95 138 96 276 96 210 96 210 97 139 97 138 97 55 98 140 98 212 98 145 99 58 99 14 99 142 100 284 100 215 100 215 101 143 101 142 101 146 102 218 102 219 102 219 103 220 103 146 103 150 104 15 104 148 104 153 105 16 105 149 105 165 106 223 106 168 106 170 107 25 107 167 107 171 108 226 108 227 108 90 109 229 109 173 109 232 110 233 110 175 110 304 111 379 111 228 111 177 112 234 112 361 112 178 113 238 113 239 113 180 114 240 114 182 114 181 115 241 115 185 115 192 116 244 116 242 116 192 117 218 117 146 117 120 118 246 118 194 118 124 119 195 119 248 119 197 120 126 120 252 120 198 121 127 121 254 121 200 122 129 122 258 122 130 123 201 123 230 123 131 124 202 124 261 124 133 125 204 125 265 125 134 126 205 126 267 126 269 127 135 127 206 127 208 128 136 128 272 128 209 129 137 129 274 129 211 130 139 130 278 130 212 131 140 131 280 131 141 132 213 132 281 132 142 133 214 133 283 133 144 134 216 134 287 134 289 135 145 135 217 135 218 136 290 136 291 136 225 137 295 137 293 137 237 138 178 138 171 138 296 139 297 139 228 139 298 140 299 140 229 140 232 141 174 141 231 141 235 142 305 142 236 142 237 143 306 143 307 143 310 144 243 144 242 144 350 145 290 145 218 145 313 146 245 146 194 146 314 147 315 147 246 147 318 148 124 148 248 148 249 149 270 149 207 149 126 150 319 150 252 150 127 151 320 151 254 151 129 152 255 152 323 152 256 153 128 153 324 153 323 154 322 154 258 154 130 155 230 155 300 155 261 156 326 156 327 156 262 157 131 157 327 157 132 158 263 158 329 158 266 159 331 159 267 159 330 160 133 160 265 160 251 161 250 161 268 161 331 162 134 162 267 162 268 163 196 163 269 163 268 164 135 164 134 164 135 165 207 165 270 165 249 166 247 166 270 166 136 167 332 167 272 167 273 168 209 168 274 168 273 169 271 169 247 169 137 170 333 170 274 170 275 171 210 171 215 171 139 172 275 172 335 172 346 173 215 173 286 173 276 174 138 174 336 174 335 175 338 175 278 175 283 176 214 176 282 176 140 177 340 177 280 177 141 178 281 178 341 178 338 179 343 179 277 179 283 180 343 180 344 180 284 181 142 181 344 181 143 182 285 182 345 182 317 183 144 183 287 183 194 184 316 184 371 184 348 185 289 185 288 185 279 186 349 186 217 186 290 187 351 187 291 187 352 188 294 188 293 188 92 189 300 189 259 189 296 190 355 190 297 190 356 191 259 191 228 191 300 192 230 192 259 192 359 193 303 193 302 193 306 194 365 194 307 194 145 195 289 195 309 195 311 196 243 196 310 196 369 197 313 197 312 197 315 198 314 198 366 198 128 199 321 199 324 199 262 200 255 200 199 200 322 201 326 201 260 201 325 202 130 202 300 202 328 203 132 203 329 203 138 204 334 204 336 204 337 205 339 205 340 205 342 206 141 206 341 206 346 207 143 207 345 207 309 208 289 208 348 208 375 209 376 209 349 209 351 210 290 210 350 210 353 211 294 211 352 211 355 212 296 212 236 212 95 213 234 213 176 213 381 214 259 214 356 214 259 215 382 215 301 215 174 216 92 216 231 216 383 217 360 217 358 217 440 218 441 218 409 218 410 219 384 219 303 219 360 220 383 220 303 220 412 221 361 221 234 221 235 222 361 222 386 222 388 223 305 223 235 223 236 224 305 224 412 224 365 225 306 225 354 225 366 226 309 226 392 226 311 227 395 227 393 227 394 228 396 228 350 228 217 229 400 229 432 229 313 230 369 230 368 230 398 231 399 231 279 231 366 232 391 232 427 232 203 233 328 233 329 233 342 234 337 234 277 234 309 235 374 235 430 235 375 236 399 236 400 236 401 237 402 237 350 237 353 238 405 238 403 238 406 239 354 239 353 239 381 240 380 240 379 240 407 241 383 241 301 241 382 242 379 242 407 242 379 243 304 243 407 243 385 244 235 244 386 244 388 245 414 245 415 245 305 246 389 246 449 246 416 247 389 247 363 247 354 248 418 248 419 248 420 249 391 249 392 249 394 250 423 250 421 250 424 251 396 251 394 251 368 252 397 252 425 252 425 253 426 253 373 253 428 254 552 254 461 254 459 255 514 255 462 255 431 256 432 256 400 256 396 257 433 257 434 257 404 258 438 258 436 258 466 259 450 259 406 259 235 260 444 260 471 260 412 261 305 261 387 261 387 262 305 262 411 262 388 263 413 263 445 263 415 264 414 264 447 264 373 265 426 265 428 265 363 266 415 266 502 266 389 267 416 267 449 267 406 268 450 268 451 268 455 269 422 269 421 269 426 270 457 270 428 270 427 271 391 271 458 271 431 272 399 272 398 272 392 273 430 273 463 273 425 274 431 274 426 274 433 275 464 275 434 275 465 276 437 276 436 276 469 277 409 277 441 277 441 278 524 278 560 278 470 279 443 279 467 279 445 280 413 280 471 280 450 281 476 281 451 281 420 282 453 282 477 282 392 283 462 283 504 283 454 284 420 284 481 284 422 285 455 285 482 285 511 286 516 286 456 286 398 287 461 287 460 287 458 288 391 288 459 288 461 289 484 289 460 289 429 290 392 290 463 290 487 291 464 291 433 291 437 292 465 292 488 292 489 293 523 293 466 293 467 294 490 294 524 294 495 295 526 295 562 295 449 296 472 296 471 296 415 297 473 297 532 297 473 298 447 298 499 298 476 299 450 299 503 299 450 300 466 300 503 300 478 301 477 301 504 301 477 302 453 302 504 302 541 303 544 303 504 303 391 304 479 304 541 304 505 305 479 305 454 305 507 306 542 306 480 306 454 307 480 307 580 307 424 308 510 308 508 308 552 309 513 309 484 309 456 310 516 310 517 310 439 311 521 311 519 311 491 312 493 312 494 312 526 313 495 313 469 313 495 314 493 314 469 314 494 315 493 315 495 315 528 316 530 316 497 316 414 317 496 317 528 317 415 318 497 318 530 318 535 319 567 319 570 319 473 320 498 320 532 320 447 321 533 321 601 321 500 322 534 322 535 322 414 323 570 323 567 323 502 324 415 324 530 324 466 325 523 325 538 325 479 326 505 326 541 326 545 327 509 327 508 327 548 328 483 328 509 328 485 329 513 329 586 329 586 330 585 330 550 330 522 331 557 331 489 331 550 332 554 332 588 332 516 333 555 333 517 333 556 334 520 334 519 334 557 335 592 335 489 335 523 336 489 336 559 336 524 337 490 337 527 337 525 338 492 338 562 338 564 339 565 339 526 339 527 340 443 340 566 340 536 341 414 341 528 341 534 342 500 342 567 342 474 343 568 343 640 343 533 344 501 344 572 344 573 345 603 345 501 345 523 346 558 346 538 346 480 347 542 347 611 347 542 348 507 348 577 348 617 349 612 349 507 349 547 350 546 350 582 350 516 351 511 351 583 351 586 352 515 352 628 352 520 353 556 353 590 353 489 354 592 354 593 354 566 355 562 355 492 355 596 356 525 356 561 356 598 357 599 357 565 357 533 358 571 358 601 358 501 359 603 359 671 359 569 360 604 360 605 360 615 361 607 361 575 361 481 362 574 362 607 362 480 363 575 363 609 363 614 364 646 364 648 364 542 365 576 365 611 365 507 366 612 366 678 366 578 367 613 367 614 367 619 368 581 368 618 368 580 369 480 369 609 369 581 370 620 370 618 370 511 371 584 371 621 371 625 372 584 372 624 372 584 373 549 373 624 373 659 374 656 374 660 374 630 375 710 375 661 375 588 376 554 376 631 376 522 377 634 377 632 377 557 378 591 378 635 378 592 379 557 379 637 379 592 380 636 380 593 380 563 381 692 381 597 381 693 382 692 382 638 382 641 383 568 383 602 383 605 384 640 384 568 384 604 385 569 385 640 385 537 386 641 386 699 386 603 387 573 387 644 387 543 388 614 388 647 388 615 389 481 389 607 389 613 390 578 390 646 390 579 391 616 391 650 391 616 392 649 392 650 392 683 393 706 393 617 393 652 394 619 394 618 394 584 395 625 395 621 395 549 396 635 396 653 396 626 397 655 397 656 397 628 398 655 398 626 398 659 399 660 399 553 399 630 400 553 400 660 400 631 401 585 401 659 401 662 402 633 402 632 402 633 403 662 403 663 403 557 404 664 404 665 404 591 405 667 405 666 405 696 406 600 406 670 406 603 407 643 407 672 407 573 408 700 408 673 408 642 409 674 409 675 409 606 410 702 410 677 410 612 411 617 411 680 411 649 412 616 412 681 412 579 413 707 413 730 413 623 414 619 414 652 414 685 415 686 415 653 415 656 416 655 416 589 416 661 417 627 417 657 417 690 418 630 418 658 418 623 419 684 419 664 419 685 420 635 420 666 420 638 421 740 421 718 421 644 422 671 422 698 422 671 423 603 423 698 423 603 424 672 424 698 424 674 425 642 425 701 425 683 426 651 426 676 426 645 427 677 427 704 427 612 428 679 428 678 428 610 429 680 429 705 429 617 430 706 430 752 430 682 431 708 431 709 431 710 432 711 432 627 432 670 433 692 433 696 433 638 434 692 434 737 434 638 435 737 435 738 435 714 436 696 436 668 436 739 437 669 437 719 437 722 438 737 438 670 438 642 439 699 439 723 439 701 440 642 440 723 440 676 441 725 441 726 441 728 442 676 442 651 442 651 443 731 443 728 443 729 444 645 444 704 444 708 445 682 445 732 445 733 446 706 446 734 446 706 447 683 447 734 447 796 448 687 448 778 448 687 449 768 449 778 449 721 450 716 450 693 450 693 451 697 451 721 451 721 452 720 452 716 452 720 453 695 453 716 453 703 454 745 454 700 454 725 455 676 455 746 455 746 456 750 456 748 456 703 457 726 457 747 457 645 458 748 458 727 458 676 459 728 459 750 459 729 460 724 460 751 460 682 461 730 461 753 461 732 462 682 462 753 462 706 463 733 463 754 463 715 464 744 464 740 464 717 465 719 465 742 465 760 466 722 466 718 466 694 467 743 467 763 467 724 468 729 468 747 468 703 469 747 469 745 469 768 470 735 470 767 470 746 471 676 471 750 471 645 472 765 472 748 472 645 473 751 473 765 473 752 474 706 474 766 474 706 475 754 475 766 475 735 476 755 476 767 476 741 477 762 477 775 477 740 478 744 478 760 478 759 479 742 479 763 479 768 480 767 480 779 480 779 481 778 481 768 481 756 482 780 482 757 482 786 483 785 483 772 483 797 484 781 484 798 484 785 485 761 485 772 485 787 486 772 486 741 486 761 487 785 487 789 487 773 488 789 488 776 488 774 489 718 489 784 489 775 490 762 490 793 490 811 491 758 491 801 491 802 492 824 492 816 492 823 493 783 493 771 493 786 494 772 494 787 494 803 495 804 495 788 495 806 496 774 496 790 496 762 497 791 497 795 497 808 498 775 498 792 498 810 499 777 499 795 499 811 500 821 500 828 500 781 501 812 501 782 501 782 502 812 502 800 502 809 503 817 503 804 503 788 504 792 504 793 504 805 505 810 505 791 505 794 506 808 506 807 506 825 507 839 507 809 507 799 508 801 508 814 508 783 509 828 509 821 509 794 510 818 510 826 510 819 511 814 511 821 511 824 512 771 512 820 512 831 513 815 513 822 513 833 514 822 514 802 514 815 515 831 515 835 515 823 516 835 516 829 516 825 517 816 517 838 517 827 518 826 518 834 518 844 519 824 519 830 519 830 520 842 520 845 520 832 521 822 521 833 521 840 522 841 522 833 522 816 523 836 523 840 523 839 524 825 524 837 524 843 525 845 525 836 525 845 526 842 526 840 526 653 527 618 527 620 527 686 528 685 528 666 528 637 529 665 529 593 529 594 530 665 530 667 530 518 531 622 531 548 531 634 532 521 532 539 532 482 533 435 533 487 533 503 534 488 534 452 534 401 535 393 535 395 535 367 536 242 536 395 536 291 537 402 537 395 537 307 538 419 538 293 538 226 539 239 539 238 539 227 540 238 540 308 540 58 541 57 541 147 541 82 542 226 542 172 542 180 543 101 543 240 543 82 544 81 544 170 544 150 545 118 545 117 545 46 546 61 546 117 546 46 547 222 547 61 547 241 548 104 548 223 548 106 549 78 549 107 549 78 550 77 550 107 550 184 551 107 551 187 551 77 552 76 552 164 552 157 553 155 553 114 553 109 554 187 554 188 554 5 555 4 555 39 555 113 556 112 556 111 556 38 557 71 557 36 557 0 558 1 558 3 558 0 559 3 559 5 559 0 560 34 560 1 560 6 561 7 561 8 561 20 562 17 562 18 562 11 563 8 563 10 563 11 564 12 564 13 564 13 565 14 565 15 565 32 566 21 566 25 566 19 567 20 567 18 567 21 568 16 568 20 568 32 569 0 569 21 569 25 570 22 570 24 570 25 571 26 571 27 571 29 572 31 572 28 572 29 573 30 573 31 573 33 574 34 574 32 574 22 575 23 575 24 575 32 576 34 576 0 576 6 577 8 577 11 577 15 578 16 578 13 578 25 579 21 579 22 579 16 580 21 580 0 580 27 581 31 581 25 581 16 582 11 582 13 582 16 583 17 583 20 583 34 584 35 584 1 584 8 585 9 585 10 585 31 586 27 586 28 586 11 587 0 587 6 587 31 588 32 588 25 588 11 589 16 589 0 589 37 590 39 590 0 590 39 591 40 591 6 591 39 592 6 592 0 592 7 593 43 593 8 593 7 594 42 594 43 594 43 595 44 595 8 595 48 596 49 596 50 596 141 597 51 597 213 597 10 598 48 598 120 598 10 599 9 599 47 599 48 600 50 600 120 600 10 601 120 601 51 601 10 602 47 602 48 602 51 603 245 603 213 603 245 604 51 604 194 604 11 605 10 605 52 605 12 606 11 606 53 606 13 607 12 607 54 607 14 608 13 608 55 608 60 609 16 609 61 609 64 610 62 610 17 610 63 611 64 611 16 611 64 612 17 612 16 612 67 613 19 613 68 613 69 614 20 614 70 614 21 615 20 615 71 615 22 616 21 616 73 616 23 617 22 617 75 617 23 618 77 618 24 618 23 619 76 619 77 619 77 620 78 620 24 620 27 621 26 621 86 621 28 622 27 622 87 622 29 623 28 623 88 623 30 624 29 624 89 624 89 625 98 625 30 625 89 626 90 626 91 626 94 627 95 627 93 627 97 628 98 628 96 628 100 629 101 629 99 629 31 630 30 630 102 630 89 631 91 631 92 631 103 632 32 632 104 632 101 633 98 633 99 633 95 634 92 634 93 634 89 635 95 635 98 635 89 636 92 636 95 636 30 637 101 637 102 637 98 638 95 638 96 638 107 639 105 639 33 639 106 640 107 640 32 640 107 641 33 641 32 641 110 642 35 642 111 642 35 643 112 643 38 643 7 644 41 644 115 644 9 645 46 645 118 645 123 646 122 646 49 646 125 647 127 647 124 647 125 648 126 648 127 648 127 649 128 649 129 649 124 650 127 650 129 650 87 651 90 651 88 651 85 652 130 652 86 652 131 653 133 653 130 653 131 654 132 654 133 654 135 655 139 655 134 655 135 656 136 656 137 656 139 657 135 657 138 657 55 658 54 658 140 658 53 659 52 659 54 659 130 660 87 660 86 660 51 661 141 661 142 661 142 662 143 662 144 662 124 663 134 663 139 663 54 664 139 664 140 664 90 665 130 665 129 665 130 666 134 666 129 666 54 667 52 667 139 667 147 668 57 668 146 668 130 669 90 669 87 669 144 670 52 670 142 670 135 671 137 671 138 671 90 672 89 672 88 672 144 673 124 673 139 673 139 674 52 674 144 674 134 675 124 675 129 675 133 676 134 676 130 676 151 677 61 677 150 677 155 678 66 678 152 678 157 679 68 679 154 679 158 680 70 680 156 680 21 681 71 681 160 681 22 682 73 682 162 682 23 683 75 683 164 683 25 684 80 684 167 684 172 685 171 685 83 685 94 686 93 686 175 686 176 687 177 687 96 687 98 688 97 688 177 688 296 689 169 689 236 689 177 690 236 690 98 690 236 691 169 691 98 691 171 692 178 692 98 692 179 693 100 693 178 693 169 694 171 694 98 694 183 695 104 695 182 695 187 696 109 696 184 696 188 697 111 697 186 697 8 698 116 698 119 698 9 699 118 699 121 699 120 700 50 700 122 700 56 701 145 701 146 701 120 702 122 702 145 702 192 703 122 703 191 703 123 704 193 704 122 704 144 705 247 705 124 705 144 706 317 706 247 706 247 707 195 707 124 707 124 708 318 708 249 708 249 709 196 709 125 709 250 710 319 710 126 710 250 711 126 711 125 711 251 712 320 712 127 712 251 713 127 713 126 713 253 714 321 714 128 714 128 715 256 715 199 715 199 716 255 716 129 716 129 717 200 717 257 717 257 718 298 718 90 718 201 719 130 719 85 719 130 720 260 720 131 720 82 721 26 721 81 721 82 722 83 722 84 722 259 723 201 723 85 723 85 724 169 724 228 724 82 725 84 725 169 725 259 726 85 726 228 726 85 727 26 727 169 727 26 728 25 728 81 728 130 729 325 729 260 729 260 730 202 730 131 730 203 731 263 731 132 731 132 732 264 732 133 732 132 733 328 733 264 733 264 734 204 734 133 734 133 735 330 735 266 735 266 736 205 736 134 736 271 737 333 737 137 737 271 738 137 738 136 738 210 739 275 739 139 739 211 740 277 740 139 740 277 741 337 741 140 741 277 742 140 742 139 742 145 743 56 743 57 743 15 744 14 744 59 744 55 745 145 745 14 745 55 746 212 746 279 746 145 747 57 747 58 747 55 748 217 748 145 748 55 749 279 749 217 749 14 750 58 750 59 750 141 751 282 751 142 751 141 752 342 752 282 752 282 753 214 753 142 753 215 754 285 754 143 754 143 755 286 755 144 755 143 756 346 756 286 756 286 757 216 757 144 757 220 758 147 758 146 758 221 759 150 759 148 759 222 760 153 760 149 760 24 761 165 761 168 761 224 762 170 762 167 762 227 763 225 763 171 763 171 764 172 764 226 764 174 765 232 765 175 765 304 766 95 766 233 766 379 767 380 767 356 767 95 768 304 768 228 768 95 769 94 769 175 769 379 770 356 770 228 770 176 771 234 771 177 771 95 772 175 772 233 772 235 773 177 773 361 773 239 774 179 774 178 774 178 775 237 775 238 775 31 776 180 776 182 776 32 777 181 777 185 777 243 778 192 778 242 778 191 779 244 779 192 779 122 780 192 780 146 780 288 781 289 781 217 781 294 782 225 782 293 782 292 783 218 783 291 783 292 784 219 784 218 784 227 785 295 785 225 785 225 786 237 786 171 786 169 787 296 787 228 787 90 788 298 788 229 788 302 789 232 789 231 789 177 790 235 790 236 790 192 791 243 791 311 791 308 792 237 792 307 792 308 793 238 793 237 793 218 794 192 794 311 794 312 795 313 795 194 795 350 796 218 796 311 796 120 797 314 797 246 797 196 798 249 798 207 798 129 799 323 799 258 799 131 800 261 800 327 800 266 801 264 801 253 801 253 802 198 802 254 802 251 803 253 803 320 803 330 804 264 804 266 804 253 805 254 805 320 805 251 806 266 806 253 806 265 807 264 807 330 807 265 808 204 808 264 808 205 809 266 809 267 809 251 810 268 810 266 810 251 811 197 811 252 811 268 812 331 812 266 812 251 813 319 813 250 813 251 814 252 814 319 814 269 815 206 815 268 815 268 816 250 816 196 816 196 817 207 817 269 817 134 818 331 818 268 818 268 819 206 819 135 819 135 820 270 820 136 820 135 821 269 821 207 821 247 822 318 822 248 822 270 823 332 823 136 823 195 824 247 824 248 824 273 825 334 825 138 825 271 826 208 826 272 826 249 827 318 827 247 827 271 828 332 828 270 828 271 829 272 829 332 829 247 830 271 830 270 830 209 831 273 831 137 831 273 832 138 832 137 832 338 833 335 833 343 833 317 834 286 834 247 834 287 835 216 835 286 835 274 836 333 836 273 836 286 837 273 837 247 837 317 838 287 838 286 838 333 839 271 839 273 839 344 840 335 840 275 840 284 841 275 841 215 841 286 842 210 842 273 842 335 843 344 843 343 843 284 844 344 844 275 844 285 845 215 845 345 845 210 846 336 846 334 846 210 847 276 847 336 847 215 848 346 848 345 848 215 849 210 849 286 849 210 850 334 850 273 850 139 851 335 851 278 851 245 852 340 852 372 852 340 853 279 853 280 853 340 854 339 854 372 854 372 855 341 855 281 855 281 856 213 856 245 856 279 857 212 857 280 857 281 858 245 858 372 858 340 859 245 859 279 859 343 860 282 860 277 860 338 861 277 861 278 861 283 862 282 862 343 862 142 863 283 863 344 863 277 864 211 864 278 864 194 865 374 865 217 865 246 866 315 866 316 866 374 867 194 867 371 867 347 868 348 868 288 868 374 869 347 869 217 869 194 870 246 870 316 870 347 871 288 871 217 871 237 872 225 872 354 872 354 873 306 873 237 873 294 874 353 874 225 874 225 875 353 875 354 875 92 876 91 876 173 876 173 877 229 877 299 877 299 878 357 878 300 878 92 879 299 879 300 879 92 880 173 880 299 880 231 881 359 881 302 881 230 882 201 882 259 882 366 883 314 883 120 883 367 884 311 884 310 884 366 885 145 885 309 885 366 886 120 886 145 886 316 887 315 887 366 887 203 888 262 888 199 888 327 889 255 889 262 889 327 890 326 890 322 890 255 891 327 891 323 891 327 892 322 892 323 892 357 893 325 893 300 893 202 894 260 894 261 894 257 895 322 895 260 895 257 896 200 896 258 896 257 897 258 897 322 897 260 898 326 898 261 898 140 899 337 899 340 899 372 900 342 900 341 900 347 901 309 901 348 901 279 902 375 902 349 902 377 903 351 903 350 903 378 904 353 904 352 904 364 905 355 905 236 905 380 906 381 906 356 906 96 907 95 907 176 907 228 908 362 908 95 908 355 909 364 909 297 909 362 910 234 910 95 910 228 911 364 911 362 911 364 912 228 912 297 912 325 913 357 913 299 913 257 914 325 914 298 914 257 915 260 915 325 915 325 916 299 916 298 916 259 917 381 917 382 917 301 918 383 918 358 918 259 919 301 919 92 919 301 920 231 920 92 920 174 921 93 921 92 921 359 922 231 922 301 922 359 923 358 923 440 923 410 924 440 924 409 924 301 925 358 925 359 925 359 926 410 926 303 926 410 927 359 927 440 927 442 928 384 928 410 928 304 929 232 929 407 929 304 930 233 930 232 930 383 931 302 931 303 931 408 932 360 932 384 932 232 933 302 933 383 933 360 934 303 934 384 934 362 935 412 935 234 935 232 936 383 936 407 936 387 937 361 937 412 937 448 938 385 938 411 938 448 939 444 939 385 939 361 940 387 940 386 940 385 941 387 941 411 941 387 942 385 942 386 942 363 943 305 943 388 943 363 944 389 944 305 944 413 945 388 945 235 945 390 946 365 946 354 946 362 947 236 947 412 947 362 948 364 948 236 948 391 949 366 949 392 949 394 950 311 950 393 950 367 951 395 951 311 951 311 952 394 952 350 952 368 953 369 953 312 953 217 954 397 954 194 954 376 955 400 955 349 955 397 956 217 956 432 956 368 957 312 957 194 957 370 958 313 958 368 958 397 959 368 959 194 959 400 960 217 960 349 960 245 961 398 961 279 961 245 962 313 962 370 962 398 963 245 963 373 963 399 964 375 964 279 964 245 965 370 965 373 965 282 966 342 966 277 966 371 967 366 967 427 967 371 968 316 968 366 968 263 969 203 969 329 969 199 970 264 970 203 970 199 971 256 971 324 971 264 972 328 972 203 972 199 973 321 973 253 973 199 974 324 974 321 974 199 975 253 975 264 975 392 976 309 976 430 976 337 977 342 977 339 977 342 978 372 978 339 978 347 979 374 979 309 979 376 980 375 980 400 980 350 981 396 981 401 981 402 982 377 982 350 982 404 983 353 983 403 983 378 984 405 984 353 984 404 985 406 985 353 985 382 986 381 986 379 986 382 987 407 987 301 987 408 988 440 988 360 988 408 989 467 989 440 989 440 990 358 990 360 990 363 991 388 991 415 991 417 992 416 992 363 992 448 993 305 993 449 993 448 994 411 994 305 994 419 995 390 995 354 995 354 996 406 996 418 996 454 997 391 997 420 997 454 998 479 998 391 998 453 999 420 999 392 999 422 1000 394 1000 421 1000 393 1001 423 1001 394 1001 456 1002 396 1002 424 1002 456 1003 433 1003 396 1003 422 1004 424 1004 394 1004 370 1005 368 1005 425 1005 370 1006 425 1006 373 1006 428 1007 461 1007 373 1007 486 1008 552 1008 512 1008 486 1009 515 1009 552 1009 429 1010 459 1010 462 1010 461 1011 398 1011 373 1011 552 1012 428 1012 512 1012 371 1013 427 1013 430 1013 430 1014 374 1014 371 1014 429 1015 463 1015 458 1015 458 1016 463 1016 430 1016 399 1017 431 1017 400 1017 459 1018 429 1018 458 1018 427 1019 458 1019 430 1019 437 1020 404 1020 436 1020 435 1021 396 1021 434 1021 435 1022 401 1022 396 1022 403 1023 438 1023 404 1023 404 1024 437 1024 439 1024 406 1025 404 1025 439 1025 385 1026 444 1026 235 1026 466 1027 406 1027 439 1027 413 1028 235 1028 471 1028 446 1029 388 1029 445 1029 388 1030 446 1030 472 1030 414 1031 388 1031 496 1031 388 1032 472 1032 496 1032 447 1033 473 1033 415 1033 500 1034 474 1034 414 1034 414 1035 474 1035 447 1035 475 1036 363 1036 502 1036 475 1037 417 1037 363 1037 452 1038 406 1038 451 1038 452 1039 418 1039 406 1039 460 1040 431 1040 398 1040 485 1041 457 1041 513 1041 457 1042 460 1042 484 1042 431 1043 425 1043 432 1043 431 1044 460 1044 426 1044 442 1045 410 1045 409 1045 425 1046 397 1046 432 1046 457 1047 484 1047 513 1047 460 1048 457 1048 426 1048 468 1049 442 1049 491 1049 442 1050 409 1050 491 1050 492 1051 441 1051 560 1051 493 1052 409 1052 469 1052 493 1053 491 1053 409 1053 467 1054 408 1054 384 1054 492 1055 469 1055 441 1055 490 1056 467 1056 527 1056 478 1057 420 1057 477 1057 442 1058 467 1058 384 1058 442 1059 468 1059 494 1059 442 1060 494 1060 470 1060 467 1061 443 1061 527 1061 442 1062 470 1062 467 1062 429 1063 462 1063 392 1063 453 1064 392 1064 504 1064 480 1065 454 1065 481 1065 424 1066 422 1066 482 1066 424 1067 509 1067 483 1067 456 1068 424 1068 483 1068 485 1069 512 1069 457 1069 511 1070 456 1070 483 1070 485 1071 550 1071 512 1071 512 1072 428 1072 457 1072 456 1073 487 1073 433 1073 439 1074 437 1074 488 1074 439 1075 489 1075 466 1075 439 1076 520 1076 522 1076 565 1077 561 1077 526 1077 439 1078 522 1078 489 1078 441 1079 467 1079 524 1079 441 1080 440 1080 467 1080 526 1081 561 1081 562 1081 639 1082 600 1082 595 1082 443 1083 495 1083 566 1083 443 1084 470 1084 495 1084 495 1085 562 1085 566 1085 448 1086 449 1086 444 1086 595 1087 561 1087 565 1087 599 1088 595 1088 565 1088 599 1089 639 1089 595 1089 449 1090 416 1090 417 1090 472 1091 449 1091 475 1091 446 1092 445 1092 471 1092 498 1093 473 1093 499 1093 449 1094 471 1094 444 1094 472 1095 446 1095 471 1095 449 1096 417 1096 475 1096 529 1097 415 1097 532 1097 529 1098 497 1098 415 1098 447 1099 474 1099 501 1099 501 1100 533 1100 447 1100 569 1101 537 1101 474 1101 474 1102 537 1102 501 1102 420 1103 478 1103 540 1103 481 1104 420 1104 574 1104 420 1105 540 1105 574 1105 504 1106 462 1106 514 1106 541 1107 505 1107 506 1107 506 1108 505 1108 454 1108 540 1109 478 1109 504 1109 541 1110 506 1110 544 1110 544 1111 540 1111 504 1111 504 1112 514 1112 541 1112 514 1113 391 1113 541 1113 514 1114 459 1114 391 1114 481 1115 507 1115 480 1115 481 1116 578 1116 543 1116 509 1117 424 1117 508 1117 481 1118 543 1118 507 1118 544 1119 454 1119 580 1119 544 1120 506 1120 454 1120 482 1121 510 1121 424 1121 461 1122 552 1122 484 1122 586 1123 513 1123 552 1123 520 1124 439 1124 519 1124 518 1125 456 1125 517 1125 518 1126 487 1126 456 1126 488 1127 521 1127 439 1127 468 1128 491 1128 494 1128 469 1129 492 1129 525 1129 596 1130 563 1130 597 1130 525 1131 596 1131 564 1131 564 1132 469 1132 525 1132 597 1133 598 1133 596 1133 596 1134 598 1134 564 1134 470 1135 494 1135 495 1135 496 1136 472 1136 475 1136 570 1137 536 1137 497 1137 497 1138 529 1138 570 1138 499 1139 535 1139 570 1139 475 1140 502 1140 496 1140 502 1141 530 1141 496 1141 530 1142 528 1142 496 1142 536 1143 528 1143 497 1143 531 1144 568 1144 535 1144 535 1145 534 1145 567 1145 529 1146 499 1146 570 1146 498 1147 499 1147 532 1147 474 1148 500 1148 535 1148 499 1149 531 1149 535 1149 499 1150 529 1150 532 1150 531 1151 447 1151 601 1151 531 1152 499 1152 447 1152 536 1153 570 1153 414 1153 500 1154 414 1154 567 1154 547 1155 483 1155 546 1155 539 1156 466 1156 538 1156 539 1157 503 1157 466 1157 545 1158 548 1158 509 1158 511 1159 483 1159 549 1159 483 1160 548 1160 546 1160 549 1161 584 1161 511 1161 547 1162 581 1162 483 1162 483 1163 581 1163 549 1163 586 1164 587 1164 626 1164 585 1165 586 1165 551 1165 631 1166 554 1166 550 1166 550 1167 485 1167 586 1167 486 1168 589 1168 515 1168 585 1169 631 1169 550 1169 586 1170 626 1170 551 1170 486 1171 588 1171 629 1171 589 1172 486 1172 553 1172 628 1173 515 1173 655 1173 515 1174 589 1174 655 1174 486 1175 629 1175 553 1175 486 1176 550 1176 588 1176 486 1177 512 1177 550 1177 522 1178 633 1178 591 1178 558 1179 523 1179 559 1179 522 1180 591 1180 557 1180 560 1181 524 1181 527 1181 561 1182 525 1182 562 1182 469 1183 564 1183 526 1183 560 1184 527 1184 566 1184 535 1185 568 1185 474 1185 569 1186 474 1186 640 1186 571 1187 533 1187 572 1187 537 1188 573 1188 501 1188 537 1189 642 1189 606 1189 576 1190 542 1190 577 1190 537 1191 606 1191 573 1191 608 1192 480 1192 611 1192 608 1193 575 1193 480 1193 543 1194 617 1194 507 1194 543 1195 616 1195 579 1195 581 1196 547 1196 582 1196 543 1197 579 1197 617 1197 555 1198 516 1198 583 1198 587 1199 586 1199 628 1199 552 1200 515 1200 586 1200 522 1201 520 1201 590 1201 560 1202 566 1202 492 1202 594 1203 489 1203 593 1203 594 1204 559 1204 489 1204 595 1205 596 1205 561 1205 564 1206 598 1206 565 1206 537 1207 569 1207 605 1207 602 1208 501 1208 671 1208 602 1209 572 1209 501 1209 540 1210 580 1210 574 1210 540 1211 544 1211 580 1211 648 1212 615 1212 608 1212 615 1213 575 1213 608 1213 607 1214 609 1214 575 1214 577 1215 614 1215 648 1215 609 1216 607 1216 574 1216 580 1217 609 1217 574 1217 614 1218 577 1218 647 1218 614 1219 613 1219 646 1219 608 1220 577 1220 648 1220 576 1221 577 1221 611 1221 577 1222 610 1222 647 1222 543 1223 578 1223 614 1223 577 1224 608 1224 611 1224 610 1225 507 1225 678 1225 610 1226 577 1226 507 1226 481 1227 615 1227 648 1227 578 1228 481 1228 646 1228 481 1229 648 1229 646 1229 582 1230 620 1230 581 1230 581 1231 619 1231 623 1231 622 1232 511 1232 621 1232 622 1233 583 1233 511 1233 549 1234 581 1234 635 1234 581 1235 623 1235 635 1235 711 1236 687 1236 712 1236 657 1237 627 1237 658 1237 658 1238 627 1238 711 1238 656 1239 659 1239 551 1239 712 1240 689 1240 711 1240 656 1241 657 1241 660 1241 589 1242 553 1242 630 1242 659 1243 585 1243 551 1243 689 1244 658 1244 711 1244 657 1245 658 1245 660 1245 688 1246 710 1246 690 1246 688 1247 713 1247 710 1247 661 1248 589 1248 630 1248 629 1249 588 1249 631 1249 710 1250 630 1250 690 1250 633 1251 522 1251 632 1251 590 1252 634 1252 522 1252 623 1253 557 1253 635 1253 636 1254 592 1254 637 1254 563 1255 596 1255 595 1255 600 1256 714 1256 691 1256 595 1257 600 1257 563 1257 600 1258 691 1258 563 1258 563 1259 691 1259 668 1259 669 1260 693 1260 638 1260 716 1261 695 1261 597 1261 693 1262 716 1262 597 1262 599 1263 598 1263 597 1263 668 1264 692 1264 563 1264 692 1265 693 1265 597 1265 720 1266 639 1266 695 1266 639 1267 599 1267 597 1267 639 1268 597 1268 695 1268 568 1269 531 1269 602 1269 605 1270 604 1270 640 1270 605 1271 641 1271 537 1271 572 1272 602 1272 531 1272 641 1273 605 1273 568 1273 601 1274 572 1274 531 1274 601 1275 571 1275 572 1275 642 1276 537 1276 699 1276 643 1277 603 1277 644 1277 676 1278 573 1278 645 1278 676 1279 703 1279 573 1279 573 1280 606 1280 645 1280 616 1281 543 1281 681 1281 543 1282 647 1282 681 1282 551 1283 626 1283 656 1283 579 1284 682 1284 651 1284 617 1285 579 1285 651 1285 683 1286 617 1286 651 1286 654 1287 549 1287 653 1287 654 1288 624 1288 549 1288 587 1289 628 1289 626 1289 629 1290 659 1290 553 1290 658 1291 630 1291 660 1291 629 1292 631 1292 659 1292 591 1293 633 1293 663 1293 665 1294 637 1294 557 1294 557 1295 623 1295 664 1295 635 1296 591 1296 666 1296 663 1297 667 1297 591 1297 673 1298 644 1298 573 1298 639 1299 720 1299 721 1299 670 1300 639 1300 697 1300 639 1301 721 1301 697 1301 600 1302 639 1302 670 1302 696 1303 714 1303 600 1303 573 1304 703 1304 700 1304 606 1305 642 1305 675 1305 677 1306 645 1306 606 1306 606 1307 675 1307 702 1307 679 1308 612 1308 680 1308 650 1309 707 1309 579 1309 682 1310 579 1310 730 1310 684 1311 623 1311 652 1311 635 1312 685 1312 653 1312 657 1313 656 1313 589 1313 589 1314 661 1314 657 1314 689 1315 690 1315 658 1315 694 1316 638 1316 718 1316 742 1317 719 1317 669 1317 638 1318 694 1318 669 1318 638 1319 738 1319 740 1319 694 1320 742 1320 669 1320 645 1321 683 1321 676 1321 672 1322 644 1322 698 1322 672 1323 643 1323 644 1323 702 1324 641 1324 673 1324 675 1325 674 1325 701 1325 699 1326 675 1326 723 1326 644 1327 673 1327 671 1327 675 1328 701 1328 723 1328 702 1329 675 1329 699 1329 673 1330 602 1330 671 1330 641 1331 602 1331 673 1331 641 1332 702 1332 699 1332 678 1333 679 1333 680 1333 707 1334 647 1334 705 1334 650 1335 649 1335 681 1335 651 1336 682 1336 709 1336 610 1337 678 1337 680 1337 647 1338 610 1338 705 1338 707 1339 650 1339 647 1339 650 1340 681 1340 647 1340 705 1341 617 1341 752 1341 705 1342 680 1342 617 1342 661 1343 710 1343 627 1343 712 1344 688 1344 689 1344 769 1345 688 1345 756 1345 688 1346 712 1346 756 1346 688 1347 690 1347 689 1347 670 1348 737 1348 692 1348 692 1349 668 1349 696 1349 737 1350 715 1350 738 1350 691 1351 714 1351 668 1351 717 1352 739 1352 719 1352 693 1353 669 1353 739 1353 722 1354 697 1354 743 1354 744 1355 737 1355 760 1355 744 1356 715 1356 737 1356 697 1357 722 1357 670 1357 739 1358 717 1358 759 1358 737 1359 722 1359 760 1359 697 1360 739 1360 743 1360 703 1361 676 1361 726 1361 739 1362 763 1362 743 1362 739 1363 759 1363 763 1363 749 1364 683 1364 727 1364 749 1365 734 1365 683 1365 683 1366 645 1366 727 1366 651 1367 709 1367 731 1367 709 1368 708 1368 732 1368 731 1369 709 1369 730 1369 705 1370 731 1370 707 1370 754 1371 734 1371 766 1371 754 1372 733 1372 734 1372 731 1373 705 1373 749 1373 732 1374 753 1374 709 1374 734 1375 749 1375 752 1375 709 1376 753 1376 730 1376 749 1377 705 1377 752 1377 731 1378 730 1378 707 1378 734 1379 752 1379 766 1379 711 1380 710 1380 713 1380 735 1381 687 1381 755 1381 687 1382 711 1382 713 1382 687 1383 713 1383 755 1383 780 1384 756 1384 712 1384 687 1385 796 1385 712 1385 687 1386 735 1386 768 1386 796 1387 780 1387 712 1387 758 1388 779 1388 736 1388 767 1389 713 1389 779 1389 767 1390 755 1390 713 1390 769 1391 757 1391 688 1391 770 1392 713 1392 688 1392 713 1393 770 1393 779 1393 779 1394 770 1394 736 1394 757 1395 770 1395 688 1395 693 1396 739 1396 697 1396 694 1397 718 1397 774 1397 774 1398 806 1398 791 1398 773 1399 774 1399 741 1399 761 1400 773 1400 772 1400 773 1401 741 1401 772 1401 774 1402 762 1402 741 1402 774 1403 791 1403 762 1403 773 1404 694 1404 774 1404 726 1405 725 1405 746 1405 727 1406 748 1406 728 1406 749 1407 727 1407 731 1407 765 1408 746 1408 748 1408 765 1409 751 1409 724 1409 724 1410 726 1410 746 1410 748 1411 750 1411 728 1411 724 1412 746 1412 765 1412 727 1413 728 1413 731 1413 645 1414 729 1414 751 1414 738 1415 715 1415 740 1415 759 1416 717 1416 742 1416 718 1417 740 1417 760 1417 722 1418 784 1418 718 1418 763 1419 742 1419 694 1419 694 1420 776 1420 743 1420 810 1421 805 1421 790 1421 789 1422 786 1422 764 1422 722 1423 743 1423 776 1423 789 1424 785 1424 786 1424 790 1425 789 1425 764 1425 810 1426 790 1426 777 1426 776 1427 789 1427 790 1427 784 1428 776 1428 790 1428 784 1429 722 1429 776 1429 790 1430 764 1430 777 1430 747 1431 726 1431 724 1431 700 1432 745 1432 677 1432 677 1433 702 1433 673 1433 745 1434 704 1434 677 1434 729 1435 704 1435 747 1435 677 1436 673 1436 700 1436 704 1437 745 1437 747 1437 771 1438 758 1438 736 1438 814 1439 758 1439 783 1439 814 1440 801 1440 758 1440 798 1441 782 1441 736 1441 758 1442 771 1442 783 1442 782 1443 771 1443 736 1443 775 1444 808 1444 794 1444 803 1445 775 1445 809 1445 803 1446 741 1446 775 1446 775 1447 794 1447 809 1447 779 1448 811 1448 778 1448 769 1449 756 1449 757 1449 796 1450 770 1450 780 1450 796 1451 797 1451 770 1451 770 1452 757 1452 780 1452 736 1453 797 1453 798 1453 736 1454 770 1454 797 1454 788 1455 787 1455 741 1455 773 1456 761 1456 789 1456 694 1457 773 1457 776 1457 790 1458 774 1458 784 1458 792 1459 775 1459 793 1459 799 1460 811 1460 801 1460 779 1461 758 1461 811 1461 813 1462 771 1462 800 1462 813 1463 820 1463 771 1463 771 1464 782 1464 800 1464 815 1465 823 1465 822 1465 764 1466 786 1466 787 1466 824 1467 823 1467 771 1467 824 1468 844 1468 836 1468 824 1469 836 1469 816 1469 823 1470 802 1470 822 1470 824 1471 802 1471 823 1471 741 1472 803 1472 788 1472 805 1473 806 1473 790 1473 793 1474 762 1474 795 1474 807 1475 808 1475 792 1475 791 1476 810 1476 795 1476 812 1477 781 1477 797 1477 778 1478 813 1478 796 1478 811 1479 799 1479 819 1479 813 1480 778 1480 828 1480 800 1481 812 1481 797 1481 798 1482 781 1482 782 1482 811 1483 819 1483 821 1483 778 1484 811 1484 828 1484 813 1485 797 1485 796 1485 813 1486 800 1486 797 1486 804 1487 803 1487 809 1487 809 1488 839 1488 817 1488 804 1489 817 1489 818 1489 818 1490 807 1490 792 1490 795 1491 788 1491 793 1491 795 1492 777 1492 764 1492 788 1493 795 1493 787 1493 818 1494 792 1494 804 1494 792 1495 788 1495 804 1495 806 1496 805 1496 791 1496 795 1497 764 1497 787 1497 818 1498 794 1498 807 1498 794 1499 825 1499 809 1499 802 1500 825 1500 827 1500 802 1501 816 1501 825 1501 819 1502 799 1502 814 1502 825 1503 794 1503 827 1503 821 1504 814 1504 783 1504 783 1505 829 1505 828 1505 827 1506 794 1506 826 1506 830 1507 824 1507 820 1507 832 1508 831 1508 822 1508 834 1509 833 1509 802 1509 823 1510 815 1510 835 1510 783 1511 823 1511 829 1511 837 1512 825 1512 838 1512 802 1513 827 1513 834 1513 843 1514 844 1514 830 1514 842 1515 830 1515 841 1515 843 1516 830 1516 845 1516 820 1517 813 1517 828 1517 835 1518 831 1518 832 1518 829 1519 830 1519 820 1519 828 1520 829 1520 820 1520 832 1521 841 1521 835 1521 830 1522 829 1522 835 1522 841 1523 832 1523 833 1523 841 1524 830 1524 835 1524 826 1525 818 1525 817 1525 834 1526 826 1526 838 1526 840 1527 842 1527 841 1527 834 1528 840 1528 833 1528 817 1529 837 1529 826 1529 840 1530 834 1530 838 1530 826 1531 837 1531 838 1531 838 1532 816 1532 840 1532 817 1533 839 1533 837 1533 844 1534 843 1534 836 1534 836 1535 845 1535 840 1535 686 1536 652 1536 618 1536 654 1537 653 1537 620 1537 686 1538 618 1538 653 1538 664 1539 666 1539 665 1539 664 1540 684 1540 652 1540 666 1541 664 1541 652 1541 666 1542 667 1542 665 1542 686 1543 666 1543 652 1543 582 1544 548 1544 620 1544 582 1545 546 1545 548 1545 624 1546 654 1546 621 1546 621 1547 625 1547 624 1547 654 1548 548 1548 622 1548 654 1549 622 1549 621 1549 548 1550 654 1550 620 1550 593 1551 636 1551 637 1551 634 1552 594 1552 667 1552 662 1553 632 1553 663 1553 634 1554 667 1554 632 1554 665 1555 594 1555 593 1555 632 1556 667 1556 663 1556 548 1557 508 1557 510 1557 518 1558 548 1558 510 1558 517 1559 555 1559 583 1559 548 1560 545 1560 508 1560 539 1561 559 1561 594 1561 518 1562 517 1562 583 1562 518 1563 583 1563 622 1563 538 1564 558 1564 559 1564 634 1565 539 1565 594 1565 590 1566 556 1566 519 1566 539 1567 538 1567 559 1567 521 1568 634 1568 590 1568 519 1569 521 1569 590 1569 482 1570 487 1570 510 1570 482 1571 455 1571 421 1571 435 1572 482 1572 423 1572 434 1573 464 1573 487 1573 451 1574 503 1574 452 1574 487 1575 518 1575 510 1575 435 1576 434 1576 487 1576 482 1577 421 1577 423 1577 451 1578 476 1578 503 1578 503 1579 539 1579 521 1579 435 1580 423 1580 393 1580 438 1581 488 1581 436 1581 488 1582 438 1582 452 1582 488 1583 465 1583 436 1583 521 1584 488 1584 503 1584 402 1585 401 1585 395 1585 435 1586 393 1586 401 1586 405 1587 419 1587 418 1587 418 1588 452 1588 438 1588 405 1589 418 1589 403 1589 418 1590 438 1590 403 1590 367 1591 310 1591 242 1591 292 1592 291 1592 244 1592 291 1593 242 1593 244 1593 402 1594 291 1594 377 1594 291 1595 351 1595 377 1595 242 1596 291 1596 395 1596 307 1597 293 1597 308 1597 307 1598 365 1598 390 1598 293 1599 295 1599 308 1599 352 1600 293 1600 378 1600 292 1601 244 1601 191 1601 293 1602 405 1602 378 1602 419 1603 405 1603 293 1603 307 1604 390 1604 419 1604 220 1605 219 1605 193 1605 219 1606 292 1606 191 1606 219 1607 191 1607 193 1607 295 1608 227 1608 308 1608 226 1609 238 1609 227 1609 123 1610 48 1610 193 1610 123 1611 49 1611 48 1611 48 1612 220 1612 193 1612 220 1613 58 1613 147 1613 101 1614 179 1614 239 1614 220 1615 48 1615 58 1615 226 1616 101 1616 239 1616 83 1617 82 1617 172 1617 101 1618 100 1618 179 1618 58 1619 190 1619 221 1619 226 1620 82 1620 101 1620 190 1621 48 1621 121 1621 148 1622 58 1622 221 1622 148 1623 59 1623 58 1623 48 1624 47 1624 121 1624 190 1625 58 1625 48 1625 180 1626 102 1626 101 1626 101 1627 224 1627 240 1627 224 1628 82 1628 170 1628 118 1629 150 1629 190 1629 224 1630 101 1630 82 1630 151 1631 150 1631 117 1631 182 1632 167 1632 183 1632 150 1633 221 1633 190 1633 224 1634 167 1634 240 1634 167 1635 182 1635 240 1635 167 1636 166 1636 183 1636 46 1637 45 1637 119 1637 222 1638 46 1638 189 1638 149 1639 60 1639 61 1639 181 1640 104 1640 241 1640 61 1641 151 1641 117 1641 222 1642 149 1642 61 1642 46 1643 119 1643 189 1643 181 1644 103 1644 104 1644 104 1645 183 1645 166 1645 80 1646 79 1646 168 1646 116 1647 153 1647 189 1647 166 1648 80 1648 104 1648 168 1649 223 1649 80 1649 104 1650 80 1650 223 1650 44 1651 43 1651 64 1651 153 1652 222 1652 189 1652 44 1653 153 1653 116 1653 44 1654 64 1654 63 1654 44 1655 63 1655 153 1655 185 1656 241 1656 223 1656 106 1657 185 1657 78 1657 64 1658 114 1658 155 1658 223 1659 165 1659 185 1659 185 1660 165 1660 78 1660 114 1661 43 1661 115 1661 152 1662 64 1662 155 1662 152 1663 62 1663 64 1663 43 1664 42 1664 115 1664 114 1665 64 1665 43 1665 184 1666 105 1666 107 1666 107 1667 163 1667 187 1667 163 1668 77 1668 164 1668 186 1669 109 1669 188 1669 163 1670 107 1670 77 1670 41 1671 40 1671 39 1671 157 1672 66 1672 155 1672 154 1673 65 1673 66 1673 114 1674 41 1674 39 1674 157 1675 154 1675 66 1675 157 1676 114 1676 39 1676 186 1677 108 1677 109 1677 161 1678 188 1678 163 1678 74 1679 162 1679 75 1679 163 1680 75 1680 161 1680 75 1681 162 1681 161 1681 188 1682 187 1682 163 1682 37 1683 5 1683 39 1683 158 1684 68 1684 4 1684 67 1685 68 1685 156 1685 68 1686 158 1686 156 1686 68 1687 157 1687 39 1687 73 1688 111 1688 188 1688 4 1689 68 1689 39 1689 112 1690 110 1690 111 1690 161 1691 73 1691 188 1691 72 1692 160 1692 73 1692 73 1693 159 1693 113 1693 158 1694 4 1694 3 1694 73 1695 160 1695 159 1695 73 1696 113 1696 111 1696 3 1697 2 1697 36 1697 70 1698 3 1698 69 1698 70 1699 158 1699 3 1699 3 1700 36 1700 69 1700 159 1701 71 1701 113 1701 71 1702 38 1702 113 1702 71 1703 69 1703 36 1703</p>
        </polylist>
      </mesh>
    </geometry>
    <geometry id="Cube_002-mesh" name="Cube.002">
      <mesh>
        <source id="Cube_002-mesh-positions">
          <float_array id="Cube_002-mesh-positions-array" count="24">-1 -1 -1 -1 1 -1 1 1 -1 1 -1 -1 -1 -1 1 -1 1 1 1 1 1 1 -1 1</float_array>
          <technique_common>
            <accessor source="#Cube_002-mesh-positions-array" count="8" stride="3">
              <param name="X" type="float"/>
              <param name="Y" type="float"/>
              <param name="Z" type="float"/>
            </accessor>
          </technique_common>
        </source>
        <source id="Cube_002-mesh-normals">
          <float_array id="Cube_002-mesh-normals-array" count="36">-1 0 0 0 1 0 1 0 0 0 -1 0 0 0 -1 0 0 1 -1 0 0 0 1 0 1 0 0 0 -1 0 0 0 -1 0 0 1</float_array>
          <technique_common>
            <accessor source="#Cube_002-mesh-normals-array" count="12" stride="3">
              <param name="X" type="float"/>
              <param name="Y" type="float"/>
              <param name="Z" type="float"/>
            </accessor>
          </technique_common>
        </source>
        <vertices id="Cube_002-mesh-vertices">
          <input semantic="POSITION" source="#Cube_002-mesh-positions"/>
        </vertices>
        <polylist material="Material_004-material" count="12">
          <input semantic="VERTEX" source="#Cube_002-mesh-vertices" offset="0"/>
          <input semantic="NORMAL" source="#Cube_002-mesh-normals" offset="1"/>
          <vcount>3 3 3 3 3 3 3 3 3 3 3 3 </vcount>
          <p>4 0 5 0 1 0 5 1 6 1 2 1 6 2 7 2 3 2 7 3 4 3 0 3 0 4 1 4 2 4 7 5 6 5 5 5 0 6 4 6 1 6 1 7 5 7 2 7 2 8 6 8 3 8 3 9 7 9 0 9 3 10 0 10 2 10 4 11 7 11 5 11</p>
        </polylist>
      </mesh>
    </geometry>
    <geometry id="Cube_004-mesh" name="Cube.004">
      <mesh>
        <source id="Cube_004-mesh-positions">
          <float_array id="Cube_004-mesh-positions-array" count="24">-1 -1 -1 -1 1 -1 1 1 -1 1 -1 -1 -1 -1 1 -1 1 1 1 1 1 1 -1 1</float_array>
          <technique_common>
            <accessor source="#Cube_004-mesh-positions-array" count="8" stride="3">
              <param name="X" type="float"/>
              <param name="Y" type="float"/>
              <param name="Z" type="float"/>
            </accessor>
          </technique_common>
        </source>
        <source id="Cube_004-mesh-normals">
          <float_array id="Cube_004-mesh-normals-array" count="36">-1 0 0 0 1 0 1 0 0 0 -1 0 0 0 -1 0 0 1 -1 0 0 0 1 0 1 0 0 0 -1 0 0 0 -1 0 0 1</float_array>
          <technique_common>
            <accessor source="#Cube_004-mesh-normals-array" count="12" stride="3">
              <param name="X" type="float"/>
              <param name="Y" type="float"/>
              <param name="Z" type="float"/>
            </accessor>
          </technique_common>
        </source>
        <vertices id="Cube_004-mesh-vertices">
          <input semantic="POSITION" source="#Cube_004-mesh-positions"/>
        </vertices>
        <polylist material="Material_004-material" count="12">
          <input semantic="VERTEX" source="#Cube_004-mesh-vertices" offset="0"/>
          <input semantic="NORMAL" source="#Cube_004-mesh-normals" offset="1"/>
          <vcount>3 3 3 3 3 3 3 3 3 3 3 3 </vcount>
          <p>4 0 5 0 1 0 5 1 6 1 2 1 6 2 7 2 3 2 7 3 4 3 0 3 0 4 1 4 2 4 7 5 6 5 5 5 0 6 4 6 1 6 1 7 5 7 2 7 2 8 6 8 3 8 3 9 7 9 0 9 3 10 0 10 2 10 4 11 7 11 5 11</p>
        </polylist>
      </mesh>
    </geometry>
    <geometry id="Cube_008-mesh" name="Cube.008">
      <mesh>
        <source id="Cube_008-mesh-positions">
          <float_array id="Cube_008-mesh-positions-array" count="24">-1 -1 -1 -1 1 -1 1 1 -1 1 -1 -1 -1 -1 1 -1 1 1 1 1 1 1 -1 1</float_array>
          <technique_common>
            <accessor source="#Cube_008-mesh-positions-array" count="8" stride="3">
              <param name="X" type="float"/>
              <param name="Y" type="float"/>
              <param name="Z" type="float"/>
            </accessor>
          </technique_common>
        </source>
        <source id="Cube_008-mesh-normals">
          <float_array id="Cube_008-mesh-normals-array" count="36">-1 0 0 0 1 0 1 0 0 0 -1 0 0 0 -1 0 0 1 -1 0 0 0 1 0 1 0 0 0 -1 0 0 0 -1 0 0 1</float_array>
          <technique_common>
            <accessor source="#Cube_008-mesh-normals-array" count="12" stride="3">
              <param name="X" type="float"/>
              <param name="Y" type="float"/>
              <param name="Z" type="float"/>
            </accessor>
          </technique_common>
        </source>
        <vertices id="Cube_008-mesh-vertices">
          <input semantic="POSITION" source="#Cube_008-mesh-positions"/>
        </vertices>
        <polylist material="Material_004-material" count="12">
          <input semantic="VERTEX" source="#Cube_008-mesh-vertices" offset="0"/>
          <input semantic="NORMAL" source="#Cube_008-mesh-normals" offset="1"/>
          <vcount>3 3 3 3 3 3 3 3 3 3 3 3 </vcount>
          <p>4 0 5 0 1 0 5 1 6 1 2 1 6 2 7 2 3 2 7 3 4 3 0 3 0 4 1 4 2 4 7 5 6 5 5 5 0 6 4 6 1 6 1 7 5 7 2 7 2 8 6 8 3 8 3 9 7 9 0 9 3 10 0 10 2 10 4 11 7 11 5 11</p>
        </polylist>
      </mesh>
    </geometry>
    <geometry id="Cube_009-mesh" name="Cube.009">
      <mesh>
        <source id="Cube_009-mesh-positions">
          <float_array id="Cube_009-mesh-positions-array" count="24">-1 -1 -1 -1 1 -1 1 1 -1 1 -1 -1 -1 -1 1 -1 1 1 1 1 1 1 -1 1</float_array>
          <technique_common>
            <accessor source="#Cube_009-mesh-positions-array" count="8" stride="3">
              <param name="X" type="float"/>
              <param name="Y" type="float"/>
              <param name="Z" type="float"/>
            </accessor>
          </technique_common>
        </source>
        <source id="Cube_009-mesh-normals">
          <float_array id="Cube_009-mesh-normals-array" count="36">-1 0 0 0 1 0 1 0 0 0 -1 0 0 0 -1 0 0 1 -1 0 0 0 1 0 1 0 0 0 -1 0 0 0 -1 0 0 1</float_array>
          <technique_common>
            <accessor source="#Cube_009-mesh-normals-array" count="12" stride="3">
              <param name="X" type="float"/>
              <param name="Y" type="float"/>
              <param name="Z" type="float"/>
            </accessor>
          </technique_common>
        </source>
        <vertices id="Cube_009-mesh-vertices">
          <input semantic="POSITION" source="#Cube_009-mesh-positions"/>
        </vertices>
        <polylist material="Material_004-material" count="12">
          <input semantic="VERTEX" source="#Cube_009-mesh-vertices" offset="0"/>
          <input semantic="NORMAL" source="#Cube_009-mesh-normals" offset="1"/>
          <vcount>3 3 3 3 3 3 3 3 3 3 3 3 </vcount>
          <p>4 0 5 0 1 0 5 1 6 1 2 1 6 2 7 2 3 2 7 3 4 3 0 3 0 4 1 4 2 4 7 5 6 5 5 5 0 6 4 6 1 6 1 7 5 7 2 7 2 8 6 8 3 8 3 9 7 9 0 9 3 10 0 10 2 10 4 11 7 11 5 11</p>
        </polylist>
      </mesh>
    </geometry>
    <geometry id="Cube_010-mesh" name="Cube.010">
      <mesh>
        <source id="Cube_010-mesh-positions">
          <float_array id="Cube_010-mesh-positions-array" count="24">-1 -1 -1 -1 1 -1 1 1 -1 1 -1 -1 -1 -1 1 -1 1 1 1 1 1 1 -1 1</float_array>
          <technique_common>
            <accessor source="#Cube_010-mesh-positions-array" count="8" stride="3">
              <param name="X" type="float"/>
              <param name="Y" type="float"/>
              <param name="Z" type="float"/>
            </accessor>
          </technique_common>
        </source>
        <source id="Cube_010-mesh-normals">
          <float_array id="Cube_010-mesh-normals-array" count="36">-1 0 0 0 1 0 1 0 0 0 -1 0 0 0 -1 0 0 1 -1 0 0 0 1 0 1 0 0 0 -1 0 0 0 -1 0 0 1</float_array>
          <technique_common>
            <accessor source="#Cube_010-mesh-normals-array" count="12" stride="3">
              <param name="X" type="float"/>
              <param name="Y" type="float"/>
              <param name="Z" type="float"/>
            </accessor>
          </technique_common>
        </source>
        <vertices id="Cube_010-mesh-vertices">
          <input semantic="POSITION" source="#Cube_010-mesh-positions"/>
        </vertices>
        <polylist material="Material_004-material" count="12">
          <input semantic="VERTEX" source="#Cube_010-mesh-vertices" offset="0"/>
          <input semantic="NORMAL" source="#Cube_010-mesh-normals" offset="1"/>
          <vcount>3 3 3 3 3 3 3 3 3 3 3 3 </vcount>
          <p>4 0 5 0 1 0 5 1 6 1 2 1 6 2 7 2 3 2 7 3 4 3 0 3 0 4 1 4 2 4 7 5 6 5 5 5 0 6 4 6 1 6 1 7 5 7 2 7 2 8 6 8 3 8 3 9 7 9 0 9 3 10 0 10 2 10 4 11 7 11 5 11</p>
        </polylist>
      </mesh>
    </geometry>
    <geometry id="Cube_011-mesh" name="Cube.011">
      <mesh>
        <source id="Cube_011-mesh-positions">
          <float_array id="Cube_011-mesh-positions-array" count="24">-1 -1 -1 -1 1 -1 1 1 -1 1 -1 -1 -1 -1 1 -1 1 1 1 1 1 1 -1 1</float_array>
          <technique_common>
            <accessor source="#Cube_011-mesh-positions-array" count="8" stride="3">
              <param name="X" type="float"/>
              <param name="Y" type="float"/>
              <param name="Z" type="float"/>
            </accessor>
          </technique_common>
        </source>
        <source id="Cube_011-mesh-normals">
          <float_array id="Cube_011-mesh-normals-array" count="36">-1 0 0 0 1 0 1 0 0 0 -1 0 0 0 -1 0 0 1 -1 0 0 0 1 0 1 0 0 0 -1 0 0 0 -1 0 0 1</float_array>
          <technique_common>
            <accessor source="#Cube_011-mesh-normals-array" count="12" stride="3">
              <param name="X" type="float"/>
              <param name="Y" type="float"/>
              <param name="Z" type="float"/>
            </accessor>
          </technique_common>
        </source>
        <vertices id="Cube_011-mesh-vertices">
          <input semantic="POSITION" source="#Cube_011-mesh-positions"/>
        </vertices>
        <polylist material="Material_004-material" count="12">
          <input semantic="VERTEX" source="#Cube_011-mesh-vertices" offset="0"/>
          <input semantic="NORMAL" source="#Cube_011-mesh-normals" offset="1"/>
          <vcount>3 3 3 3 3 3 3 3 3 3 3 3 </vcount>
          <p>4 0 5 0 1 0 5 1 6 1 2 1 6 2 7 2 3 2 7 3 4 3 0 3 0 4 1 4 2 4 7 5 6 5 5 5 0 6 4 6 1 6 1 7 5 7 2 7 2 8 6 8 3 8 3 9 7 9 0 9 3 10 0 10 2 10 4 11 7 11 5 11</p>
        </polylist>
      </mesh>
    </geometry>
    <geometry id="Cube_012-mesh" name="Cube.012">
      <mesh>
        <source id="Cube_012-mesh-positions">
          <float_array id="Cube_012-mesh-positions-array" count="24">-1 -1 -1 -1 1 -1 1 1 -1 1 -1 -1 -1 -1 1 -1 1 1 1 1 1 1 -1 1</float_array>
          <technique_common>
            <accessor source="#Cube_012-mesh-positions-array" count="8" stride="3">
              <param name="X" type="float"/>
              <param name="Y" type="float"/>
              <param name="Z" type="float"/>
            </accessor>
          </technique_common>
        </source>
        <source id="Cube_012-mesh-normals">
          <float_array id="Cube_012-mesh-normals-array" count="36">-1 0 0 0 1 0 1 0 0 0 -1 0 0 0 -1 0 0 1 -1 0 0 0 1 0 1 0 0 0 -1 0 0 0 -1 0 0 1</float_array>
          <technique_common>
            <accessor source="#Cube_012-mesh-normals-array" count="12" stride="3">
              <param name="X" type="float"/>
              <param name="Y" type="float"/>
              <param name="Z" type="float"/>
            </accessor>
          </technique_common>
        </source>
        <vertices id="Cube_012-mesh-vertices">
          <input semantic="POSITION" source="#Cube_012-mesh-positions"/>
        </vertices>
        <polylist material="Material_001-material" count="12">
          <input semantic="VERTEX" source="#Cube_012-mesh-vertices" offset="0"/>
          <input semantic="NORMAL" source="#Cube_012-mesh-normals" offset="1"/>
          <vcount>3 3 3 3 3 3 3 3 3 3 3 3 </vcount>
          <p>4 0 5 0 1 0 5 1 6 1 2 1 6 2 7 2 3 2 7 3 4 3 0 3 0 4 1 4 2 4 7 5 6 5 5 5 0 6 4 6 1 6 1 7 5 7 2 7 2 8 6 8 3 8 3 9 7 9 0 9 3 10 0 10 2 10 4 11 7 11 5 11</p>
        </polylist>
      </mesh>
    </geometry>
    <geometry id="Cube_013-mesh" name="Cube.013">
      <mesh>
        <source id="Cube_013-mesh-positions">
          <float_array id="Cube_013-mesh-positions-array" count="24">-1 -1 -1 -1 1 -1 1 1 -1 1 -1 -1 -1 -1 1 -1 1 1 1 1 1 1 -1 1</float_array>
          <technique_common>
            <accessor source="#Cube_013-mesh-positions-array" count="8" stride="3">
              <param name="X" type="float"/>
              <param name="Y" type="float"/>
              <param name="Z" type="float"/>
            </accessor>
          </technique_common>
        </source>
        <source id="Cube_013-mesh-normals">
          <float_array id="Cube_013-mesh-normals-array" count="36">-1 0 0 0 1 0 1 0 0 0 -1 0 0 0 -1 0 0 1 -1 0 0 0 1 0 1 0 0 0 -1 0 0 0 -1 0 0 1</float_array>
          <technique_common>
            <accessor source="#Cube_013-mesh-normals-array" count="12" stride="3">
              <param name="X" type="float"/>
              <param name="Y" type="float"/>
              <param name="Z" type="float"/>
            </accessor>
          </technique_common>
        </source>
        <vertices id="Cube_013-mesh-vertices">
          <input semantic="POSITION" source="#Cube_013-mesh-positions"/>
        </vertices>
        <polylist material="Material_001-material" count="12">
          <input semantic="VERTEX" source="#Cube_013-mesh-vertices" offset="0"/>
          <input semantic="NORMAL" source="#Cube_013-mesh-normals" offset="1"/>
          <vcount>3 3 3 3 3 3 3 3 3 3 3 3 </vcount>
          <p>4 0 5 0 1 0 5 1 6 1 2 1 6 2 7 2 3 2 7 3 4 3 0 3 0 4 1 4 2 4 7 5 6 5 5 5 0 6 4 6 1 6 1 7 5 7 2 7 2 8 6 8 3 8 3 9 7 9 0 9 3 10 0 10 2 10 4 11 7 11 5 11</p>
        </polylist>
      </mesh>
    </geometry>
    <geometry id="Cube_014-mesh" name="Cube.014">
      <mesh>
        <source id="Cube_014-mesh-positions">
          <float_array id="Cube_014-mesh-positions-array" count="24">-1 -1 -1 -1 1 -1 1 1 -1 1 -1 -1 -1 -1 1 -1 1 1 1 1 1 1 -1 1</float_array>
          <technique_common>
            <accessor source="#Cube_014-mesh-positions-array" count="8" stride="3">
              <param name="X" type="float"/>
              <param name="Y" type="float"/>
              <param name="Z" type="float"/>
            </accessor>
          </technique_common>
        </source>
        <source id="Cube_014-mesh-normals">
          <float_array id="Cube_014-mesh-normals-array" count="36">-1 0 0 0 1 0 1 0 0 0 -1 0 0 0 -1 0 0 1 -1 0 0 0 1 0 1 0 0 0 -1 0 0 0 -1 0 0 1</float_array>
          <technique_common>
            <accessor source="#Cube_014-mesh-normals-array" count="12" stride="3">
              <param name="X" type="float"/>
              <param name="Y" type="float"/>
              <param name="Z" type="float"/>
            </accessor>
          </technique_common>
        </source>
        <vertices id="Cube_014-mesh-vertices">
          <input semantic="POSITION" source="#Cube_014-mesh-positions"/>
        </vertices>
        <polylist material="Material_001-material" count="12">
          <input semantic="VERTEX" source="#Cube_014-mesh-vertices" offset="0"/>
          <input semantic="NORMAL" source="#Cube_014-mesh-normals" offset="1"/>
          <vcount>3 3 3 3 3 3 3 3 3 3 3 3 </vcount>
          <p>4 0 5 0 1 0 5 1 6 1 2 1 6 2 7 2 3 2 7 3 4 3 0 3 0 4 1 4 2 4 7 5 6 5 5 5 0 6 4 6 1 6 1 7 5 7 2 7 2 8 6 8 3 8 3 9 7 9 0 9 3 10 0 10 2 10 4 11 7 11 5 11</p>
        </polylist>
      </mesh>
    </geometry>
    <geometry id="Cube_015-mesh" name="Cube.015">
      <mesh>
        <source id="Cube_015-mesh-positions">
          <float_array id="Cube_015-mesh-positions-array" count="24">-1 -1 -1 -1 1 -1 1 1 -1 1 -1 -1 -1 -1 1 -1 1 1 1 1 1 1 -1 1</float_array>
          <technique_common>
            <accessor source="#Cube_015-mesh-positions-array" count="8" stride="3">
              <param name="X" type="float"/>
              <param name="Y" type="float"/>
              <param name="Z" type="float"/>
            </accessor>
          </technique_common>
        </source>
        <source id="Cube_015-mesh-normals">
          <float_array id="Cube_015-mesh-normals-array" count="36">-1 0 0 0 1 0 1 0 0 0 -1 0 0 0 -1 0 0 1 -1 0 0 0 1 0 1 0 0 0 -1 0 0 0 -1 0 0 1</float_array>
          <technique_common>
            <accessor source="#Cube_015-mesh-normals-array" count="12" stride="3">
              <param name="X" type="float"/>
              <param name="Y" type="float"/>
              <param name="Z" type="float"/>
            </accessor>
          </technique_common>
        </source>
        <vertices id="Cube_015-mesh-vertices">
          <input semantic="POSITION" source="#Cube_015-mesh-positions"/>
        </vertices>
        <polylist material="Material_001-material" count="12">
          <input semantic="VERTEX" source="#Cube_015-mesh-vertices" offset="0"/>
          <input semantic="NORMAL" source="#Cube_015-mesh-normals" offset="1"/>
          <vcount>3 3 3 3 3 3 3 3 3 3 3 3 </vcount>
          <p>4 0 5 0 1 0 5 1 6 1 2 1 6 2 7 2 3 2 7 3 4 3 0 3 0 4 1 4 2 4 7 5 6 5 5 5 0 6 4 6 1 6 1 7 5 7 2 7 2 8 6 8 3 8 3 9 7 9 0 9 3 10 0 10 2 10 4 11 7 11 5 11</p>
        </polylist>
      </mesh>
    </geometry>
    <geometry id="Cube_016-mesh" name="Cube.016">
      <mesh>
        <source id="Cube_016-mesh-positions">
          <float_array id="Cube_016-mesh-positions-array" count="24">-1 -1 -1 -1 1 -1 1 1 -1 1 -1 -1 -1 -1 1 -1 1 1 1 1 1 1 -1 1</float_array>
          <technique_common>
            <accessor source="#Cube_016-mesh-positions-array" count="8" stride="3">
              <param name="X" type="float"/>
              <param name="Y" type="float"/>
              <param name="Z" type="float"/>
            </accessor>
          </technique_common>
        </source>
        <source id="Cube_016-mesh-normals">
          <float_array id="Cube_016-mesh-normals-array" count="36">-1 0 0 0 1 0 1 0 0 0 -1 0 0 0 -1 0 0 1 -1 0 0 0 1 0 1 0 0 0 -1 0 0 0 -1 0 0 1</float_array>
          <technique_common>
            <accessor source="#Cube_016-mesh-normals-array" count="12" stride="3">
              <param name="X" type="float"/>
              <param name="Y" type="float"/>
              <param name="Z" type="float"/>
            </accessor>
          </technique_common>
        </source>
        <vertices id="Cube_016-mesh-vertices">
          <input semantic="POSITION" source="#Cube_016-mesh-positions"/>
        </vertices>
        <polylist material="Material_001-material" count="12">
          <input semantic="VERTEX" source="#Cube_016-mesh-vertices" offset="0"/>
          <input semantic="NORMAL" source="#Cube_016-mesh-normals" offset="1"/>
          <vcount>3 3 3 3 3 3 3 3 3 3 3 3 </vcount>
          <p>4 0 5 0 1 0 5 1 6 1 2 1 6 2 7 2 3 2 7 3 4 3 0 3 0 4 1 4 2 4 7 5 6 5 5 5 0 6 4 6 1 6 1 7 5 7 2 7 2 8 6 8 3 8 3 9 7 9 0 9 3 10 0 10 2 10 4 11 7 11 5 11</p>
        </polylist>
      </mesh>
    </geometry>
    <geometry id="Cube_017-mesh" name="Cube.017">
      <mesh>
        <source id="Cube_017-mesh-positions">
          <float_array id="Cube_017-mesh-positions-array" count="24">-1 -1 -1 -1 1 -1 1 1 -1 1 -1 -1 -1 -1 1 -1 1 1 1 1 1 1 -1 1</float_array>
          <technique_common>
            <accessor source="#Cube_017-mesh-positions-array" count="8" stride="3">
              <param name="X" type="float"/>
              <param name="Y" type="float"/>
              <param name="Z" type="float"/>
            </accessor>
          </technique_common>
        </source>
        <source id="Cube_017-mesh-normals">
          <float_array id="Cube_017-mesh-normals-array" count="36">-1 0 0 0 1 0 1 0 0 0 -1 0 0 0 -1 0 0 1 -1 0 0 0 1 0 1 0 0 0 -1 0 0 0 -1 0 0 1</float_array>
          <technique_common>
            <accessor source="#Cube_017-mesh-normals-array" count="12" stride="3">
              <param name="X" type="float"/>
              <param name="Y" type="float"/>
              <param name="Z" type="float"/>
            </accessor>
          </technique_common>
        </source>
        <vertices id="Cube_017-mesh-vertices">
          <input semantic="POSITION" source="#Cube_017-mesh-positions"/>
        </vertices>
        <polylist material="Material_001-material" count="12">
          <input semantic="VERTEX" source="#Cube_017-mesh-vertices" offset="0"/>
          <input semantic="NORMAL" source="#Cube_017-mesh-normals" offset="1"/>
          <vcount>3 3 3 3 3 3 3 3 3 3 3 3 </vcount>
          <p>4 0 5 0 1 0 5 1 6 1 2 1 6 2 7 2 3 2 7 3 4 3 0 3 0 4 1 4 2 4 7 5 6 5 5 5 0 6 4 6 1 6 1 7 5 7 2 7 2 8 6 8 3 8 3 9 7 9 0 9 3 10 0 10 2 10 4 11 7 11 5 11</p>
        </polylist>
      </mesh>
    </geometry>
    <geometry id="Cube_018-mesh" name="Cube.018">
      <mesh>
        <source id="Cube_018-mesh-positions">
          <float_array id="Cube_018-mesh-positions-array" count="24">-1 -1 -1 -1 1 -1 1 1 -1 1 -1 -1 -1 -1 1 -1 1 1 1 1 1 1 -1 1</float_array>
          <technique_common>
            <accessor source="#Cube_018-mesh-positions-array" count="8" stride="3">
              <param name="X" type="float"/>
              <param name="Y" type="float"/>
              <param name="Z" type="float"/>
            </accessor>
          </technique_common>
        </source>
        <source id="Cube_018-mesh-normals">
          <float_array id="Cube_018-mesh-normals-array" count="36">-1 0 0 0 1 0 1 0 0 0 -1 0 0 0 -1 0 0 1 -1 0 0 0 1 0 1 0 0 0 -1 0 0 0 -1 0 0 1</float_array>
          <technique_common>
            <accessor source="#Cube_018-mesh-normals-array" count="12" stride="3">
              <param name="X" type="float"/>
              <param name="Y" type="float"/>
              <param name="Z" type="float"/>
            </accessor>
          </technique_common>
        </source>
        <vertices id="Cube_018-mesh-vertices">
          <input semantic="POSITION" source="#Cube_018-mesh-positions"/>
        </vertices>
        <polylist material="Material_001-material" count="12">
          <input semantic="VERTEX" source="#Cube_018-mesh-vertices" offset="0"/>
          <input semantic="NORMAL" source="#Cube_018-mesh-normals" offset="1"/>
          <vcount>3 3 3 3 3 3 3 3 3 3 3 3 </vcount>
          <p>4 0 5 0 1 0 5 1 6 1 2 1 6 2 7 2 3 2 7 3 4 3 0 3 0 4 1 4 2 4 7 5 6 5 5 5 0 6 4 6 1 6 1 7 5 7 2 7 2 8 6 8 3 8 3 9 7 9 0 9 3 10 0 10 2 10 4 11 7 11 5 11</p>
        </polylist>
      </mesh>
    </geometry>
    <geometry id="Cube_019-mesh" name="Cube.019">
      <mesh>
        <source id="Cube_019-mesh-positions">
          <float_array id="Cube_019-mesh-positions-array" count="24">-1 -1 -1 -1 1 -1 1 1 -1 1 -1 -1 -1 -1 1 -1 1 1 1 1 1 1 -1 1</float_array>
          <technique_common>
            <accessor source="#Cube_019-mesh-positions-array" count="8" stride="3">
              <param name="X" type="float"/>
              <param name="Y" type="float"/>
              <param name="Z" type="float"/>
            </accessor>
          </technique_common>
        </source>
        <source id="Cube_019-mesh-normals">
          <float_array id="Cube_019-mesh-normals-array" count="36">-1 0 0 0 1 0 1 0 0 0 -1 0 0 0 -1 0 0 1 -1 0 0 0 1 0 1 0 0 0 -1 0 0 0 -1 0 0 1</float_array>
          <technique_common>
            <accessor source="#Cube_019-mesh-normals-array" count="12" stride="3">
              <param name="X" type="float"/>
              <param name="Y" type="float"/>
              <param name="Z" type="float"/>
            </accessor>
          </technique_common>
        </source>
        <vertices id="Cube_019-mesh-vertices">
          <input semantic="POSITION" source="#Cube_019-mesh-positions"/>
        </vertices>
        <polylist material="Material_001-material" count="12">
          <input semantic="VERTEX" source="#Cube_019-mesh-vertices" offset="0"/>
          <input semantic="NORMAL" source="#Cube_019-mesh-normals" offset="1"/>
          <vcount>3 3 3 3 3 3 3 3 3 3 3 3 </vcount>
          <p>4 0 5 0 1 0 5 1 6 1 2 1 6 2 7 2 3 2 7 3 4 3 0 3 0 4 1 4 2 4 7 5 6 5 5 5 0 6 4 6 1 6 1 7 5 7 2 7 2 8 6 8 3 8 3 9 7 9 0 9 3 10 0 10 2 10 4 11 7 11 5 11</p>
        </polylist>
      </mesh>
    </geometry>
  </library_geometries>
  <library_controllers/>
  <library_visual_scenes>
    <visual_scene id="Scene" name="Scene">
      <node id="Cylinder" name="Cylinder" type="NODE">
        <matrix sid="transform">0.3 0 0 0 0 0.3 0 -3 0 0 1.5 1.5 0 0 0 1</matrix>
        <instance_geometry url="#Cylinder-mesh">
          <bind_material>
            <technique_common>
              <instance_material symbol="Material-material" target="#Material-material"/>
            </technique_common>
          </bind_material>
        </instance_geometry>
      </node>
      <node id="Cube" name="Cube" type="NODE">
        <matrix sid="transform">0.1 0 0 -2 0 0.0909294 0 -1.178746 0 0 1.14 1.523574 0 0 0 1</matrix>
        <instance_geometry url="#Cube_002-mesh">
          <bind_material>
            <technique_common>
              <instance_material symbol="Material_004-material" target="#Material_004-material"/>
            </technique_common>
          </bind_material>
        </instance_geometry>
      </node>
      <node id="Cube_004" name="Cube_004" type="NODE">
        <matrix sid="transform">0.1 0 0 -2 0 -1.1895e-7 -1.27 0 0 0.1859294 -8.12492e-7 2.82 0 0 0 1</matrix>
        <instance_geometry url="#Cube_004-mesh">
          <bind_material>
            <technique_common>
              <instance_material symbol="Material_004-material" target="#Material_004-material"/>
            </technique_common>
          </bind_material>
        </instance_geometry>
      </node>
      <node id="Cube_006" name="Cube_006" type="NODE">
        <matrix sid="transform">0.1 0 0 -2 0 -1.1895e-7 -1.27 0 0 0.1859294 -8.12492e-7 0.2154531 0 0 0 1</matrix>
        <instance_geometry url="#Cube_008-mesh">
          <bind_material>
            <technique_common>
              <instance_material symbol="Material_004-material" target="#Material_004-material"/>
            </technique_common>
          </bind_material>
        </instance_geometry>
      </node>
      <node id="Cube_001" name="Cube_001" type="NODE">
        <matrix sid="transform">0.1 0 0 -2 0 0.0909294 0 -0.3585958 0 0 1.14 1.523574 0 0 0 1</matrix>
        <instance_geometry url="#Cube_009-mesh">
          <bind_material>
            <technique_common>
              <instance_material symbol="Material_004-material" target="#Material_004-material"/>
            </technique_common>
          </bind_material>
        </instance_geometry>
      </node>
      <node id="Cube_002" name="Cube_002" type="NODE">
        <matrix sid="transform">0.1 0 0 -2 0 0.0909294 0 0.5070564 0 0 1.14 1.523574 0 0 0 1</matrix>
        <instance_geometry url="#Cube_010-mesh">
          <bind_material>
            <technique_common>
              <instance_material symbol="Material_004-material" target="#Material_004-material"/>
            </technique_common>
          </bind_material>
        </instance_geometry>
      </node>
      <node id="Cube_003" name="Cube_003" type="NODE">
        <matrix sid="transform">0.1 0 0 -2 0 0.0909294 0 1.17 0 0 1.14 1.523574 0 0 0 1</matrix>
        <instance_geometry url="#Cube_011-mesh">
          <bind_material>
            <technique_common>
              <instance_material symbol="Material_004-material" target="#Material_004-material"/>
            </technique_common>
          </bind_material>
        </instance_geometry>
      </node>
      <node id="Cube_005" name="Cube_005" type="NODE">
        <matrix sid="transform">0.1 0 0 2.5 0 0.07874716 -0.5700001 0 0 0.04546472 0.9872685 0.8466901 0 0 0 1</matrix>
        <instance_geometry url="#Cube_012-mesh">
          <bind_material>
            <technique_common>
              <instance_material symbol="Material_001-material" target="#Material_001-material"/>
            </technique_common>
          </bind_material>
        </instance_geometry>
      </node>
      <node id="Cube_007" name="Cube_007" type="NODE">
        <matrix sid="transform">0.1 0 0 2.5 0 0.07874716 0.5700001 -0.007163726 0 -0.04546472 0.9872685 0.8466901 0 0 0 1</matrix>
        <instance_geometry url="#Cube_013-mesh">
          <bind_material>
            <technique_common>
              <instance_material symbol="Material_001-material" target="#Material_001-material"/>
            </technique_common>
          </bind_material>
        </instance_geometry>
      </node>
      <node id="Cube_008" name="Cube_008" type="NODE">
        <matrix sid="transform">-6.39758e-8 -0.07874716 -0.5700001 0.8540296 0.1 -5.03791e-8 -3.64662e-7 2.703273 0 -0.04546472 0.9872685 0.9280838 0 0 0 1</matrix>
        <instance_geometry url="#Cube_014-mesh">
          <bind_material>
            <technique_common>
              <instance_material symbol="Material_001-material" target="#Material_001-material"/>
            </technique_common>
          </bind_material>
        </instance_geometry>
      </node>
      <node id="Cube_009" name="Cube_009" type="NODE">
        <matrix sid="transform">-6.39758e-8 -0.07874716 0.5700001 0.8540296 0.1 -5.03791e-8 3.64662e-7 2.703273 0 0.04546472 0.9872685 0.9280838 0 0 0 1</matrix>
        <instance_geometry url="#Cube_015-mesh">
          <bind_material>
            <technique_common>
              <instance_material symbol="Material_001-material" target="#Material_001-material"/>
            </technique_common>
          </bind_material>
        </instance_geometry>
      </node>
      <node id="Cube_010" name="Cube_010" type="NODE">
        <matrix sid="transform">-6.39758e-8 -0.07874716 0.5700001 2.002101 0.1 -5.03791e-8 3.64662e-7 2.703273 0 0.04546472 0.9872685 0.9280838 0 0 0 1</matrix>
        <instance_geometry url="#Cube_016-mesh">
          <bind_material>
            <technique_common>
              <instance_material symbol="Material_001-material" target="#Material_001-material"/>
            </technique_common>
          </bind_material>
        </instance_geometry>
      </node>
      <node id="Cube_011" name="Cube_011" type="NODE">
        <matrix sid="transform">-6.39758e-8 -0.07874716 -0.5700001 2.002101 0.1 -5.03791e-8 -3.64662e-7 2.703273 0 -0.04546472 0.9872685 0.9280838 0 0 0 1</matrix>
        <instance_geometry url="#Cube_017-mesh">
          <bind_material>
            <technique_common>
              <instance_material symbol="Material_001-material" target="#Material_001-material"/>
            </technique_common>
          </bind_material>
        </instance_geometry>
      </node>
      <node id="Cube_012" name="Cube_012" type="NODE">
        <matrix sid="transform">-6.39758e-8 -0.07874716 -0.5700001 -0.2557128 0.1 -5.03791e-8 -3.64662e-7 2.703273 0 -0.04546472 0.9872685 0.9280838 0 0 0 1</matrix>
        <instance_geometry url="#Cube_018-mesh">
          <bind_material>
            <technique_common>
              <instance_material symbol="Material_001-material" target="#Material_001-material"/>
            </technique_common>
          </bind_material>
        </instance_geometry>
      </node>
      <node id="Cube_013" name="Cube_013" type="NODE">
        <matrix sid="transform">-6.39758e-8 -0.07874716 0.5700001 -0.2557128 0.1 -5.03791e-8 3.64662e-7 2.703273 0 0.04546472 0.9872685 0.9280838 0 0 0 1</matrix>
        <instance_geometry url="#Cube_019-mesh">
          <bind_material>
            <technique_common>
              <instance_material symbol="Material_001-material" target="#Material_001-material"/>
            </technique_common>
          </bind_material>
        </instance_geometry>
      </node>
    </visual_scene>
  </library_visual_scenes>
  <scene>
    <instance_visual_scene url="#Scene"/>
  </scene>
</COLLADA>